Date,bdry_close,bdry_volume,brent_close
2018-03-22,25.51300048828125,5400.0,68.91000366210938
2018-03-23,24.10099983215332,205000.0,70.44999694824219
2018-03-26,24.84000015258789,102400.0,70.12000274658203
2018-03-27,24.079999923706055,8500.0,70.11000061035156
2018-03-28,23.3799991607666,2200.0,69.52999877929688
2018-03-29,22.780000686645508,1100.0,70.2699966430664
2018-04-02,23.0,1900.0,67.63999938964844
2018-04-03,21.25,2000.0,68.12000274658203
2018-04-04,19.25,75900.0,68.0199966430664
2018-04-05,20.25,800.0,68.33000183105469
2018-04-06,20.450000762939453,3100.0,67.11000061035156
2018-04-09,21.459999084472656,200.0,68.6500015258789
2018-04-10,21.5,300.0,71.04000091552734
2018-04-11,20.450000762939453,300.0,72.05999755859375
2018-04-12,22.25,11500.0,72.0199966430664
2018-04-13,21.582000732421875,11500.0,72.58000183105469
2018-04-16,20.25,1400.0,71.41999816894531
2018-04-17,21.399999618530273,600.0,71.58000183105469
2018-04-18,22.270000457763672,3600.0,73.4800033569336
2018-04-19,21.809999465942383,6800.0,73.77999877929688
2018-04-20,22.5,900.0,74.05999755859375
2018-04-23,22.700000762939453,300.0,74.70999908447266
2018-04-24,22.790000915527344,500.0,73.86000061035156
2018-04-25,22.75,200.0,74.0
2018-04-26,22.0,100.0,74.73999786376953
2018-04-27,21.75,200.0,74.63999938964844
2018-04-30,21.5,100.0,75.16999816894531
2018-05-01,21.760000228881836,300.0,75.16999816894531
2018-05-02,22.5,5400.0,73.36000061035156
2018-05-03,22.25,100.0,73.62000274658203
2018-05-04,23.0,200.0,74.87000274658203
2018-05-07,23.0,0.0,76.16999816894531
2018-05-08,23.5,2400.0,74.8499984741211
2018-05-09,23.25,500.0,77.20999908447266
2018-05-10,22.75,200.0,77.47000122070312
2018-05-11,23.75,4400.0,77.12000274658203
2018-05-14,23.010000228881836,400.0,78.2300033569336
2018-05-15,21.399999618530273,200.0,78.43000030517578
2018-05-16,21.0,100.0,79.27999877929688
2018-05-17,21.0,0.0,79.30000305175781
2018-05-18,21.0,0.0,78.51000213623047
2018-05-21,22.5,300.0,79.22000122070312
2018-05-22,21.0,200.0,79.56999969482422
2018-05-23,20.0,900.0,79.80000305175781
2018-05-24,19.5,1100.0,78.79000091552734
2018-05-25,19.5,0.0,76.44000244140625
2018-05-29,18.73200035095215,1100.0,75.38999938964844
2018-05-30,19.496000289916992,100.0,77.5
2018-05-31,20.23699951171875,600.0,77.58999633789062
2018-06-01,21.0,200.0,77.58999633789062
2018-06-04,21.246000289916992,500.0,75.29000091552734
2018-06-05,22.1299991607666,600.0,75.37999725341797
2018-06-06,22.0,600.0,75.36000061035156
2018-06-07,21.969999313354492,1200.0,77.31999969482422
2018-06-08,21.969999313354492,0.0,76.45999908447266
2018-06-11,21.969999313354492,0.0,76.45999908447266
2018-06-12,22.190000534057617,100.0,75.87999725341797
2018-06-13,22.253999710083008,5500.0,76.73999786376953
2018-06-14,22.531999588012695,100.0,75.94000244140625
2018-06-15,22.25,100.0,73.44000244140625
2018-06-18,22.25,0.0,75.33999633789062
2018-06-19,21.299999237060547,400.0,75.08000183105469
2018-06-20,20.79400062561035,400.0,74.73999786376953
2018-06-21,21.399999618530273,200.0,73.05000305175781
2018-06-22,21.399999618530273,100.0,75.55000305175781
2018-06-25,21.399999618530273,0.0,74.7300033569336
2018-06-26,21.399999618530273,0.0,76.30999755859375
2018-06-27,21.040000915527344,100.0,77.62000274658203
2018-06-28,21.579999923706055,4000.0,77.8499984741211
2018-06-29,22.040000915527344,1400.0,79.44000244140625
2018-07-02,21.841999053955078,300.0,77.30000305175781
2018-07-03,21.9950008392334,100.0,77.76000213623047
2018-07-05,22.25,100.0,77.38999938964844
2018-07-06,22.670000076293945,1000.0,77.11000061035156
2018-07-09,22.020000457763672,100.0,78.06999969482422
2018-07-10,22.229999542236328,6600.0,78.86000061035156
2018-07-11,22.229999542236328,0.0,73.4000015258789
2018-07-12,23.469999313354492,300.0,74.44999694824219
2018-07-13,23.469999313354492,0.0,75.33000183105469
2018-07-16,23.469999313354492,0.0,71.83999633789062
2018-07-17,23.469999313354492,0.0,72.16000366210938
2018-07-18,23.010000228881836,100.0,72.9000015258789
2018-07-19,23.010000228881836,100.0,72.58000183105469
2018-07-20,24.100000381469727,300.0,73.06999969482422
2018-07-23,24.5939998626709,1000.0,73.05999755859375
2018-07-24,24.540000915527344,4100.0,73.44000244140625
2018-07-25,24.639999389648438,200.0,73.93000030517578
2018-07-26,24.5,300.0,74.54000091552734
2018-07-27,24.302000045776367,300.0,74.29000091552734
2018-07-30,24.600000381469727,200.0,74.97000122070312
2018-07-31,24.600000381469727,0.0,74.25
2018-08-01,24.66900062561035,500.0,74.25
2018-08-02,24.850000381469727,200.0,73.44999694824219
2018-08-03,25.26099967956543,200.0,73.20999908447266
2018-08-06,24.802000045776367,300.0,73.75
2018-08-07,24.802000045776367,0.0,74.6500015258789
2018-08-08,24.802000045776367,0.0,72.27999877929688
2018-08-09,24.802000045776367,0.0,72.06999969482422
2018-08-10,24.829999923706055,100.0,72.80999755859375
2018-08-13,25.3700008392334,200.0,72.61000061035156
2018-08-14,25.200000762939453,300.0,72.45999908447266
2018-08-15,25.235000610351562,300.0,70.76000213623047
2018-08-16,25.235000610351562,0.0,71.43000030517578
2018-08-17,25.235000610351562,0.0,71.83000183105469
2018-08-20,25.469999313354492,200.0,72.20999908447266
2018-08-21,25.579999923706055,400.0,72.62999725341797
2018-08-22,25.569000244140625,200.0,74.77999877929688
2018-08-23,25.450000762939453,300.0,74.7300033569336
2018-08-24,25.434999465942383,200.0,75.81999969482422
2018-08-27,25.434999465942383,0.0,76.20999908447266
2018-08-28,25.434999465942383,0.0,75.94999694824219
2018-08-29,25.434999465942383,0.0,77.13999938964844
2018-08-30,25.434999465942383,0.0,77.7699966430664
2018-08-31,25.434999465942383,0.0,77.41999816894531
2018-09-04,24.559999465942383,200.0,78.16999816894531
2018-09-05,24.559999465942383,0.0,77.2699966430664
2018-09-06,24.559999465942383,0.0,76.5
2018-09-07,24.559999465942383,0.0,76.83000183105469
2018-09-10,24.559999465942383,0.0,77.37000274658203
2018-09-11,23.420000076293945,4400.0,79.05999755859375
2018-09-12,22.799999237060547,1700.0,79.73999786376953
2018-09-13,23.049999237060547,300.0,78.18000030517578
2018-09-14,22.700000762939453,100.0,78.08999633789062
2018-09-17,22.700000762939453,0.0,78.05000305175781
2018-09-18,22.700000762939453,0.0,79.02999877929688
2018-09-19,22.280000686645508,200.0,79.4000015258789
2018-09-20,22.139999389648438,600.0,78.69999694824219
2018-09-21,22.735000610351562,200.0,78.80000305175781
2018-09-24,22.950000762939453,100.0,81.19999694824219
2018-09-25,22.535999298095703,300.0,81.87000274658203
2018-09-26,22.8799991607666,1000.0,81.33999633789062
2018-09-27,22.8799991607666,0.0,81.72000122070312
2018-09-28,22.940000534057617,200.0,82.72000122070312
2018-10-01,22.940000534057617,0.0,84.9800033569336
2018-10-02,22.940000534057617,0.0,84.80000305175781
2018-10-03,22.940000534057617,0.0,86.29000091552734
2018-10-04,22.940000534057617,0.0,84.58000183105469
2018-10-05,21.825000762939453,100.0,84.16000366210938
2018-10-08,21.825000762939453,0.0,83.91000366210938
2018-10-09,21.32699966430664,700.0,85.0
2018-10-10,21.32699966430664,0.0,83.08999633789062
2018-10-11,22.40999984741211,100.0,80.26000213623047
2018-10-12,23.149999618530273,1200.0,80.43000030517578
2018-10-15,22.649999618530273,200.0,80.77999877929688
2018-10-16,22.649999618530273,0.0,81.41000366210938
2018-10-17,22.260000228881836,200.0,80.05000305175781
2018-10-18,22.260000228881836,0.0,79.29000091552734
2018-10-19,22.209999084472656,300.0,79.77999877929688
2018-10-22,22.3700008392334,200.0,79.83000183105469
2018-10-23,22.3700008392334,0.0,76.44000244140625
2018-10-24,21.375,200.0,76.16999816894531
2018-10-25,21.375,0.0,76.88999938964844
2018-10-26,21.375,0.0,77.62000274658203
2018-10-29,21.375,0.0,77.33999633789062
2018-10-30,21.375,0.0,75.91000366210938
2018-10-31,21.375,0.0,75.47000122070312
2018-11-01,21.375,0.0,75.5
2018-11-02,21.375,100.0,72.83000183105469
2018-11-05,18.829999923706055,400.0,73.16999816894531
2018-11-06,18.010000228881836,3700.0,72.12999725341797
2018-11-07,17.360000610351562,3100.0,72.06999969482422
2018-11-08,17.100000381469727,1000.0,70.6500015258789
2018-11-09,16.06999969482422,700.0,70.18000030517578
2018-11-12,16.6299991607666,6600.0,70.12000274658203
2018-11-13,16.6299991607666,0.0,65.47000122070312
2018-11-14,14.66100025177002,11800.0,66.12000274658203
2018-11-15,16.020000457763672,200.0,66.62000274658203
2018-11-16,15.890000343322754,700.0,66.76000213623047
2018-11-19,15.902999877929688,600.0,66.79000091552734
2018-11-20,15.039999961853027,500.0,62.529998779296875
2018-11-21,15.553999900817871,200.0,63.47999954223633
2018-11-23,16.75,100.0,58.79999923706055
2018-11-26,17.979999542236328,300.0,60.47999954223633
2018-11-27,18.520000457763672,300.0,60.209999084472656
2018-11-28,17.059999465942383,800.0,58.7599983215332
2018-11-29,16.389999389648438,100.0,59.5099983215332
2018-11-30,16.402000427246094,200.0,58.709999084472656
2018-12-03,17.649999618530273,100.0,61.689998626708984
2018-12-04,18.540000915527344,2800.0,62.08000183105469
2018-12-06,18.540000915527344,100.0,60.060001373291016
2018-12-07,18.540000915527344,0.0,61.66999816894531
2018-12-10,18.540000915527344,0.0,59.970001220703125
2018-12-11,18.049999237060547,100.0,60.20000076293945
2018-12-12,18.145000457763672,100.0,60.150001525878906
2018-12-13,18.209999084472656,200.0,61.45000076293945
2018-12-14,18.209999084472656,0.0,60.279998779296875
2018-12-17,18.614999771118164,1200.0,59.61000061035156
2018-12-18,18.614999771118164,0.0,56.2599983215332
2018-12-19,18.614999771118164,0.0,57.2400016784668
2018-12-20,18.614999771118164,0.0,54.349998474121094
2018-12-21,18.614999771118164,0.0,53.81999969482422
2018-12-24,17.889999389648438,100.0,50.470001220703125
2018-12-26,17.889999389648438,0.0,54.470001220703125
2018-12-27,17.885000228881836,100.0,52.15999984741211
2018-12-28,18.170000076293945,600.0,52.20000076293945
2018-12-31,18.170000076293945,0.0,53.79999923706055
2019-01-02,18.489999771118164,100.0,54.90999984741211
2019-01-03,18.489999771118164,0.0,55.95000076293945
2019-01-04,17.920000076293945,200.0,57.060001373291016
2019-01-07,17.920000076293945,0.0,57.33000183105469
2019-01-08,17.920000076293945,0.0,58.720001220703125
2019-01-09,17.920000076293945,0.0,61.439998626708984
2019-01-10,17.110000610351562,100.0,61.68000030517578
2019-01-11,17.110000610351562,0.0,60.47999954223633
2019-01-14,17.135000228881836,100.0,58.9900016784668
2019-01-15,17.135000228881836,0.0,60.63999938964844
2019-01-16,16.665000915527344,100.0,61.31999969482422
2019-01-17,16.665000915527344,0.0,61.18000030517578
2019-01-18,17.270000457763672,300.0,62.70000076293945
2019-01-22,15.604999542236328,300.0,61.5
2019-01-23,15.604999542236328,0.0,61.13999938964844
2019-01-24,15.265000343322754,100.0,61.09000015258789
2019-01-25,15.095000267028809,100.0,61.63999938964844
2019-01-28,13.4350004196167,4600.0,59.93000030517578
2019-01-29,12.555000305175781,9300.0,61.31999969482422
2019-01-30,12.21500015258789,3300.0,61.650001525878906
2019-01-31,12.175000190734863,900.0,61.88999938964844
2019-02-01,12.859999656677246,100.0,61.869998931884766
2019-02-04,12.520000457763672,1400.0,62.5099983215332
2019-02-05,12.376999855041504,2000.0,61.97999954223633
2019-02-06,11.75,1500.0,62.689998626708984
2019-02-07,10.869999885559082,1700.0,61.630001068115234
2019-02-08,11.020000457763672,200.0,62.099998474121094
2019-02-11,11.399999618530273,9300.0,61.5099983215332
2019-02-12,11.670000076293945,1100.0,62.41999816894531
2019-02-13,11.635000228881836,1400.0,63.61000061035156
2019-02-14,11.085000038146973,400.0,64.56999969482422
2019-02-15,11.1899995803833,10500.0,66.25
2019-02-19,10.989999771118164,1600.0,66.44999694824219
2019-02-20,10.890000343322754,96000.0,67.08000183105469
2019-02-21,10.694999694824219,700.0,67.06999969482422
2019-02-22,10.925000190734863,1600.0,67.12000274658203
2019-02-25,11.09000015258789,5800.0,64.76000213623047
2019-02-26,11.154999732971191,7400.0,65.20999908447266
2019-02-27,11.100000381469727,6900.0,66.38999938964844
2019-02-28,11.039999961853027,4800.0,66.02999877929688
2019-03-01,10.710000038146973,4200.0,65.06999969482422
2019-03-04,10.61400032043457,1500.0,65.66999816894531
2019-03-05,10.25,7700.0,65.86000061035156
2019-03-06,9.911999702453613,16400.0,65.98999786376953
2019-03-07,9.555000305175781,7100.0,66.30000305175781
2019-03-08,9.574000358581543,2000.0,65.73999786376953
2019-03-11,9.600000381469727,600.0,66.58000183105469
2019-03-12,9.991999626159668,53500.0,66.66999816894531
2019-03-13,10.09000015258789,20000.0,67.55000305175781
2019-03-14,11.020000457763672,3400.0,67.2300033569336
2019-03-15,10.96500015258789,8700.0,67.16000366210938
2019-03-18,10.279999732971191,8800.0,67.54000091552734
2019-03-19,9.982999801635742,35900.0,67.61000061035156
2019-03-20,10.631999969482422,2100.0,68.5
2019-03-21,10.354999542236328,1900.0,67.86000061035156
2019-03-22,10.442999839782715,10000.0,67.02999877929688
2019-03-25,10.4350004196167,100.0,67.20999908447266
2019-03-26,9.972999572753906,2100.0,67.97000122070312
2019-03-27,9.973999977111816,500.0,67.83000183105469
2019-03-28,10.045000076293945,400.0,67.81999969482422
2019-03-29,9.359000205993652,8000.0,68.38999938964844
2019-04-01,9.300000190734863,300.0,69.01000213623047
2019-04-02,9.4350004196167,900.0,69.37000274658203
2019-04-03,9.5600004196167,1000.0,69.30999755859375
2019-04-04,9.430000305175781,3600.0,69.4000015258789
2019-04-05,9.545000076293945,4600.0,70.33999633789062
2019-04-08,9.654999732971191,700.0,71.0999984741211
2019-04-09,9.84000015258789,100.0,70.61000061035156
2019-04-10,9.704999923706055,900.0,71.7300033569336
2019-04-11,9.255000114440918,6300.0,70.83000183105469
2019-04-12,9.664999961853027,800.0,71.55000305175781
2019-04-15,10.130999565124512,3700.0,71.18000030517578
2019-04-16,10.074000358581543,3000.0,71.72000122070312
2019-04-17,10.4350004196167,4300.0,71.62000274658203
2019-04-18,10.725000381469727,17800.0,71.97000122070312
2019-04-22,10.770000457763672,6000.0,74.04000091552734
2019-04-23,11.088000297546387,6100.0,74.51000213623047
2019-04-24,11.0,2300.0,74.56999969482422
2019-04-25,11.055000305175781,400.0,74.3499984741211
2019-04-26,11.406000137329102,2500.0,72.1500015258789
2019-04-29,12.010000228881836,3000.0,72.04000091552734
2019-04-30,12.385000228881836,3300.0,72.80000305175781
2019-05-01,12.25100040435791,1600.0,72.18000030517578
2019-05-02,12.281999588012695,5700.0,70.75
2019-05-03,12.25100040435791,3300.0,70.8499984741211
2019-05-06,11.21500015258789,6200.0,71.23999786376953
2019-05-07,11.104999542236328,1000.0,69.87999725341797
2019-05-08,11.789999961853027,4100.0,70.37000274658203
2019-05-09,11.845000267028809,1400.0,70.38999938964844
2019-05-10,12.25,4200.0,70.62000274658203
2019-05-13,12.114999771118164,3000.0,70.2300033569336
2019-05-14,12.1850004196167,800.0,71.23999786376953
2019-05-15,11.800000190734863,1300.0,71.7699966430664
2019-05-16,11.835000038146973,200.0,72.62000274658203
2019-05-17,12.024999618530273,4600.0,72.20999908447266
2019-05-20,11.835000038146973,11100.0,71.97000122070312
2019-05-21,11.96500015258789,1300.0,72.18000030517578
2019-05-22,12.045000076293945,600.0,70.98999786376953
2019-05-23,12.234999656677246,900.0,67.76000213623047
2019-05-24,12.204999923706055,1500.0,68.69000244140625
2019-05-28,12.364999771118164,1700.0,70.11000061035156
2019-05-29,12.515999794006348,2300.0,69.44999694824219
2019-05-30,12.180000305175781,1000.0,66.87000274658203
2019-05-31,12.25,1000.0,64.48999786376953
2019-06-03,12.444999694824219,1600.0,61.279998779296875
2019-06-04,12.489999771118164,900.0,61.970001220703125
2019-06-05,12.5,700.0,60.630001068115234
2019-06-06,12.425000190734863,300.0,61.66999816894531
2019-06-07,12.295000076293945,2400.0,63.290000915527344
2019-06-10,12.085000038146973,1800.0,62.290000915527344
2019-06-11,12.010000228881836,600.0,62.290000915527344
2019-06-12,11.859999656677246,0.0,59.970001220703125
2019-06-13,12.085000038146973,3800.0,61.310001373291016
2019-06-14,12.385000228881836,1500.0,62.0099983215332
2019-06-17,12.369999885559082,600.0,60.939998626708984
2019-06-18,12.385000228881836,500.0,62.13999938964844
2019-06-19,12.444999694824219,200.0,61.81999969482422
2019-06-20,12.404999732971191,0.0,64.44999694824219
2019-06-21,12.6899995803833,1500.0,65.19999694824219
2019-06-24,12.960000038146973,1400.0,64.86000061035156
2019-06-25,13.005000114440918,2100.0,65.05000305175781
2019-06-26,12.994999885559082,800.0,66.48999786376953
2019-06-27,12.930000305175781,100.0,66.55000305175781
2019-06-28,13.149999618530273,1100.0,66.55000305175781
2019-07-01,13.420000076293945,4900.0,65.05999755859375
2019-07-02,14.302000045776367,8200.0,62.400001525878906
2019-07-03,15.020000457763672,5200.0,63.81999969482422
2019-07-05,14.899999618530273,100800.0,64.2300033569336
2019-07-08,15.065999984741211,8700.0,64.11000061035156
2019-07-09,15.774999618530273,9600.0,64.16000366210938
2019-07-10,15.779999732971191,4700.0,67.01000213623047
2019-07-11,16.30500030517578,4100.0,66.5199966430664
2019-07-12,16.604999542236328,11100.0,66.72000122070312
2019-07-15,17.125,17600.0,66.4800033569336
2019-07-16,16.575000762939453,11800.0,64.3499984741211
2019-07-17,16.975000381469727,3200.0,63.65999984741211
2019-07-18,17.19499969482422,52200.0,61.93000030517578
2019-07-19,17.565000534057617,20200.0,62.470001220703125
2019-07-22,17.988000869750977,6900.0,63.2599983215332
2019-07-23,17.065000534057617,18100.0,63.83000183105469
2019-07-24,16.350000381469727,35000.0,63.18000030517578
2019-07-25,16.899999618530273,11000.0,63.38999938964844
2019-07-26,16.594999313354492,43300.0,63.459999084472656
2019-07-29,16.389999389648438,2500.0,63.709999084472656
2019-07-30,16.190000534057617,2800.0,64.72000122070312
2019-07-31,16.1200008392334,1200.0,65.16999816894531
2019-08-01,15.9350004196167,2300.0,60.5
2019-08-02,15.574999809265137,1000.0,61.88999938964844
2019-08-05,14.680000305175781,17900.0,59.810001373291016
2019-08-06,15.75,8200.0,58.939998626708984
2019-08-07,15.579999923706055,600.0,56.22999954223633
2019-08-08,16.145000457763672,800.0,57.380001068115234
2019-08-09,17.079999923706055,1400.0,58.529998779296875
2019-08-12,17.070999145507812,2000.0,58.56999969482422
2019-08-13,17.920000076293945,30400.0,61.29999923706055
2019-08-14,18.39900016784668,5500.0,59.47999954223633
2019-08-15,18.320999145507812,18300.0,58.22999954223633
2019-08-16,18.184999465942383,3000.0,58.63999938964844
2019-08-19,17.75,3800.0,59.7400016784668
2019-08-20,18.094999313354492,1900.0,60.029998779296875
2019-08-21,18.924999237060547,6300.0,60.29999923706055
2019-08-22,19.459999084472656,2900.0,59.91999816894531
2019-08-23,19.5310001373291,5100.0,59.34000015258789
2019-08-26,19.549999237060547,4000.0,58.70000076293945
2019-08-27,20.440000534057617,6400.0,59.5099983215332
2019-08-28,20.40999984741211,3600.0,60.4900016784668
2019-08-29,20.405000686645508,3800.0,61.08000183105469
2019-08-30,21.135000228881836,5700.0,60.43000030517578
2019-09-03,21.59000015258789,33600.0,58.2599983215332
2019-09-04,21.066999435424805,11900.0,60.70000076293945
2019-09-05,20.59000015258789,19400.0,60.95000076293945
2019-09-06,20.450000762939453,31000.0,61.540000915527344
2019-09-09,20.190000534057617,2100.0,62.59000015258789
2019-09-10,20.33799934387207,2200.0,62.380001068115234
2019-09-11,20.80500030517578,2400.0,60.810001373291016
2019-09-12,21.19499969482422,16900.0,60.380001068115234
2019-09-13,21.114999771118164,900.0,60.220001220703125
2019-09-16,21.270000457763672,10100.0,69.0199966430664
2019-09-17,20.40999984741211,10400.0,64.55000305175781
2019-09-18,19.649999618530273,8600.0,63.599998474121094
2019-09-19,19.514999389648438,3700.0,64.4000015258789
2019-09-20,20.010000228881836,6300.0,64.27999877929688
2019-09-23,20.860000610351562,6200.0,64.7699966430664
2019-09-24,20.570999145507812,4300.0,63.099998474121094
2019-09-25,19.520000457763672,2400.0,62.38999938964844
2019-09-26,18.71500015258789,9200.0,62.7400016784668
2019-09-27,18.924999237060547,3500.0,61.90999984741211
2019-09-30,19.709999084472656,5400.0,60.779998779296875
2019-10-01,19.875,300.0,58.88999938964844
2019-10-02,20.115999221801758,1300.0,57.689998626708984
2019-10-03,19.374000549316406,2300.0,57.709999084472656
2019-10-04,20.405000686645508,1400.0,58.369998931884766
2019-10-07,20.639999389648438,8200.0,58.349998474121094
2019-10-08,21.489999771118164,2500.0,58.2400016784668
2019-10-09,21.91200065612793,9200.0,58.31999969482422
2019-10-10,21.4950008392334,1100.0,59.099998474121094
2019-10-11,21.19499969482422,2400.0,60.5099983215332
2019-10-14,20.90999984741211,3000.0,59.349998474121094
2019-10-15,20.885000228881836,4700.0,58.7400016784668
2019-10-16,20.075000762939453,3300.0,59.41999816894531
2019-10-17,20.200000762939453,1200.0,59.90999984741211
2019-10-18,20.479999542236328,1800.0,59.41999816894531
2019-10-21,19.489999771118164,8600.0,58.959999084472656
2019-10-22,19.05500030517578,300.0,59.70000076293945
2019-10-23,19.295000076293945,2600.0,61.16999816894531
2019-10-24,19.84000015258789,300.0,61.66999816894531
2019-10-25,19.815000534057617,0.0,62.02000045776367
2019-10-28,19.78499984741211,200.0,61.56999969482422
2019-10-29,19.420000076293945,1400.0,61.59000015258789
2019-10-30,18.545000076293945,2600.0,60.61000061035156
2019-10-31,18.030000686645508,4100.0,60.22999954223633
2019-11-01,18.1200008392334,3100.0,61.689998626708984
2019-11-04,18.049999237060547,2800.0,62.130001068115234
2019-11-05,17.600000381469727,600.0,62.959999084472656
2019-11-06,16.774999618530273,21300.0,61.7400016784668
2019-11-07,16.299999237060547,4000.0,62.290000915527344
2019-11-08,16.2450008392334,400.0,62.5099983215332
2019-11-11,16.545000076293945,300.0,62.18000030517578
2019-11-12,16.975000381469727,0.0,62.060001373291016
2019-11-13,16.709999084472656,1300.0,62.369998931884766
2019-11-14,16.584999084472656,9400.0,62.279998779296875
2019-11-15,16.774999618530273,4100.0,63.29999923706055
2019-11-18,16.584999084472656,1400.0,62.439998626708984
2019-11-19,16.354999542236328,0.0,60.90999984741211
2019-11-20,16.530000686645508,1300.0,62.400001525878906
2019-11-21,16.674999237060547,5000.0,63.970001220703125
2019-11-22,17.094999313354492,200.0,63.38999938964844
2019-11-25,17.80500030517578,1100.0,63.650001525878906
2019-11-26,18.36199951171875,8500.0,64.2699966430664
2019-11-27,18.05500030517578,300.0,64.05999755859375
2019-11-29,18.329999923706055,1900.0,62.43000030517578
2019-12-02,19.05500030517578,500.0,60.91999816894531
2019-12-03,18.315000534057617,800.0,60.81999969482422
2019-12-04,17.975000381469727,1400.0,63.0
2019-12-05,17.889999389648438,100.0,63.38999938964844
2019-12-06,18.204999923706055,400.0,64.38999938964844
2019-12-09,17.899999618530273,400.0,64.25
2019-12-10,17.739999771118164,4600.0,64.33999633789062
2019-12-11,17.334999084472656,2500.0,63.720001220703125
2019-12-12,16.84000015258789,600.0,64.19999694824219
2019-12-13,16.9950008392334,1000.0,65.22000122070312
2019-12-16,16.674999237060547,2100.0,65.33999633789062
2019-12-17,16.1200008392334,700.0,66.0999984741211
2019-12-18,15.6850004196167,800.0,66.16999816894531
2019-12-19,15.324999809265137,11600.0,66.54000091552734
2019-12-20,15.225000381469727,1100.0,66.13999938964844
2019-12-23,15.335000038146973,300.0,66.38999938964844
2019-12-24,15.345000267028809,100.0,67.19999694824219
2019-12-26,15.37399959564209,200.0,67.91999816894531
2019-12-27,15.289999961853027,100.0,68.16000366210938
2019-12-30,15.100000381469727,1200.0,68.44000244140625
2019-12-31,15.449999809265137,500.0,66.0
2020-01-02,13.961000442504883,4000.0,66.25
2020-01-03,13.050000190734863,8200.0,68.5999984741211
2020-01-06,11.920000076293945,3900.0,68.91000366210938
2020-01-07,11.895000457763672,3200.0,68.2699966430664
2020-01-08,13.654999732971191,7700.0,65.44000244140625
2020-01-09,13.3100004196167,3000.0,65.37000274658203
2020-01-10,13.845000267028809,3000.0,64.9800033569336
2020-01-13,12.994999885559082,7000.0,64.19999694824219
2020-01-14,13.664999961853027,8700.0,64.48999786376953
2020-01-15,13.350000381469727,9100.0,64.0
2020-01-16,12.630000114440918,5900.0,64.62000274658203
2020-01-17,12.104999542236328,9200.0,64.8499984741211
2020-01-21,11.369999885559082,18800.0,64.58999633789062
2020-01-22,11.031999588012695,30000.0,63.209999084472656
2020-01-23,11.045000076293945,21800.0,62.040000915527344
2020-01-24,11.135000228881836,12300.0,60.689998626708984
2020-01-27,10.4399995803833,33800.0,59.31999969482422
2020-01-28,10.279999732971191,47500.0,59.5099983215332
2020-01-29,10.085000038146973,11400.0,59.810001373291016
2020-01-30,9.550000190734863,48700.0,58.290000915527344
2020-01-31,9.819999694824219,18700.0,58.15999984741211
2020-02-03,9.293000221252441,47900.0,54.45000076293945
2020-02-04,9.350000381469727,44700.0,53.959999084472656
2020-02-05,9.550000190734863,40300.0,55.279998779296875
2020-02-06,9.449999809265137,173200.0,54.93000030517578
2020-02-07,9.225000381469727,54100.0,54.470001220703125
2020-02-10,8.800000190734863,81200.0,53.27000045776367
2020-02-11,9.300000190734863,65000.0,54.0099983215332
2020-02-12,9.399999618530273,155700.0,55.790000915527344
2020-02-13,9.140000343322754,63700.0,56.34000015258789
2020-02-14,9.225000381469727,109200.0,57.31999969482422
2020-02-18,9.270000457763672,259500.0,57.75
2020-02-19,9.100000381469727,280300.0,59.119998931884766
2020-02-20,9.029999732971191,150800.0,59.310001373291016
2020-02-21,9.010000228881836,104900.0,58.5
2020-02-24,8.369999885559082,118600.0,56.29999923706055
2020-02-25,8.220000267028809,87900.0,54.95000076293945
2020-02-26,8.180000305175781,124300.0,53.43000030517578
2020-02-27,8.300000190734863,153100.0,52.18000030517578
2020-02-28,8.1899995803833,211600.0,50.52000045776367
2020-03-02,7.909999847412109,148000.0,51.900001525878906
2020-03-03,8.100000381469727,44500.0,51.86000061035156
2020-03-04,8.3100004196167,138700.0,51.130001068115234
2020-03-05,8.369999885559082,92800.0,49.9900016784668
2020-03-06,8.25,81200.0,45.27000045776367
2020-03-09,7.5,74700.0,34.36000061035156
2020-03-10,7.809999942779541,40100.0,37.220001220703125
2020-03-11,7.5,62000.0,35.790000915527344
2020-03-12,6.909999847412109,119200.0,33.220001220703125
2020-03-13,6.840000152587891,178100.0,33.849998474121094
2020-03-16,6.099999904632568,102800.0,30.049999237060547
2020-03-17,6.059999942779541,63600.0,28.729999542236328
2020-03-18,5.389999866485596,193300.0,24.8799991607666
2020-03-19,5.559999942779541,133800.0,28.469999313354492
2020-03-20,5.820000171661377,32000.0,26.979999542236328
2020-03-23,5.739999771118164,22400.0,27.030000686645508
2020-03-24,5.369999885559082,58000.0,27.149999618530273
2020-03-25,5.03000020980835,61600.0,27.389999389648438
2020-03-26,5.389999866485596,160800.0,26.34000015258789
2020-03-27,5.400000095367432,94600.0,24.93000030517578
2020-03-30,5.804999828338623,160300.0,22.760000228881836
2020-03-31,6.389999866485596,305800.0,22.739999771118164
2020-04-01,6.289999961853027,61300.0,24.739999771118164
2020-04-02,6.380000114440918,51200.0,29.940000534057617
2020-04-03,6.239999771118164,24600.0,34.11000061035156
2020-04-06,6.099999904632568,28600.0,33.04999923706055
2020-04-07,6.289999961853027,44000.0,31.8700008392334
2020-04-08,6.869999885559082,33400.0,32.84000015258789
2020-04-09,7.349999904632568,218800.0,31.479999542236328
2020-04-13,7.320000171661377,95800.0,31.739999771118164
2020-04-14,7.230000019073486,104300.0,29.600000381469727
2020-04-15,7.25,36000.0,27.690000534057617
2020-04-16,7.230000019073486,28700.0,27.81999969482422
2020-04-17,7.25,48800.0,28.079999923706055
2020-04-20,6.809999942779541,585000.0,25.56999969482422
2020-04-21,6.150000095367432,198700.0,19.329999923706055
2020-04-22,6.150000095367432,191500.0,20.3700008392334
2020-04-23,6.110000133514404,40600.0,21.329999923706055
2020-04-24,6.019999980926514,25600.0,21.440000534057617
2020-04-27,5.809999942779541,42200.0,19.989999771118164
2020-04-28,5.550000190734863,76600.0,20.459999084472656
2020-04-29,5.679999828338623,133200.0,22.540000915527344
2020-04-30,5.539999961853027,76400.0,25.270000457763672
2020-05-01,5.349999904632568,45100.0,26.440000534057617
2020-05-04,5.099999904632568,75800.0,27.200000762939453
2020-05-05,4.789999961853027,145200.0,30.969999313354492
2020-05-06,4.449999809265137,188900.0,29.719999313354492
2020-05-07,4.579999923706055,56600.0,29.459999084472656
2020-05-08,4.599999904632568,119000.0,30.969999313354492
2020-05-11,4.429999828338623,162400.0,29.6299991607666
2020-05-12,4.130000114440918,100000.0,29.979999542236328
2020-05-13,3.9100000858306885,873900.0,29.190000534057617
2020-05-14,4.013000011444092,78200.0,31.1299991607666
2020-05-15,4.170000076293945,131300.0,32.5
2020-05-18,4.590000152587891,726000.0,34.810001373291016
2020-05-19,4.619999885559082,427000.0,34.650001525878906
2020-05-20,4.909999847412109,253300.0,35.75
2020-05-21,4.940000057220459,256300.0,36.060001373291016
2020-05-22,4.880000114440918,45700.0,35.130001068115234
2020-05-26,4.800000190734863,110800.0,36.16999816894531
2020-05-27,4.650000095367432,365800.0,34.7400016784668
2020-05-28,4.550000190734863,100600.0,35.290000915527344
2020-05-29,4.650000095367432,53200.0,35.33000183105469
2020-06-01,4.639999866485596,92400.0,38.31999969482422
2020-06-02,5.0,324300.0,39.56999969482422
2020-06-03,5.03000020980835,305100.0,39.790000915527344
2020-06-04,5.050000190734863,144300.0,39.9900016784668
2020-06-05,5.449999809265137,340300.0,42.29999923706055
2020-06-08,5.510000228881836,207600.0,40.79999923706055
2020-06-09,5.269999980926514,284600.0,41.18000030517578
2020-06-10,5.78000020980835,231200.0,41.72999954223633
2020-06-11,5.78000020980835,506400.0,38.54999923706055
2020-06-12,6.360000133514404,312200.0,38.72999954223633
2020-06-15,6.420000076293945,332800.0,39.720001220703125
2020-06-16,7.21999979019165,512900.0,40.959999084472656
2020-06-17,7.820000171661377,725400.0,40.709999084472656
2020-06-18,7.260000228881836,504800.0,41.5099983215332
2020-06-19,7.275000095367432,230500.0,42.189998626708984
2020-06-22,7.429999828338623,267500.0,43.08000183105469
2020-06-23,8.180000305175781,343300.0,42.630001068115234
2020-06-24,7.440000057220459,398300.0,40.310001373291016
2020-06-25,7.239999771118164,487500.0,41.04999923706055
2020-06-26,7.610000133514404,228400.0,41.02000045776367
2020-06-29,7.559999942779541,210300.0,41.709999084472656
2020-06-30,7.389999866485596,168000.0,41.150001525878906
2020-07-01,7.199999809265137,286700.0,42.029998779296875
2020-07-02,8.050000190734863,527100.0,43.13999938964844
2020-07-06,9.420000076293945,609800.0,43.099998474121094
2020-07-07,8.930000305175781,374800.0,43.08000183105469
2020-07-08,9.0,317200.0,43.290000915527344
2020-07-09,8.75,170300.0,42.349998474121094
2020-07-10,8.489999771118164,244000.0,43.2400016784668
2020-07-13,8.100000381469727,330000.0,42.720001220703125
2020-07-14,7.820000171661377,201100.0,42.900001525878906
2020-07-15,7.519999980926514,165500.0,43.790000915527344
2020-07-16,7.980000019073486,91400.0,43.369998931884766
2020-07-17,8.0,35600.0,43.13999938964844
2020-07-20,7.5,44700.0,43.279998779296875
2020-07-21,7.110000133514404,216400.0,44.31999969482422
2020-07-22,6.909999847412109,252000.0,44.290000915527344
2020-07-23,7.150000095367432,225500.0,43.310001373291016
2020-07-24,7.389999866485596,166600.0,43.34000015258789
2020-07-27,7.550000190734863,155400.0,43.40999984741211
2020-07-28,7.900000095367432,188600.0,43.220001220703125
2020-07-29,8.510000228881836,141000.0,43.75
2020-07-30,8.1899995803833,212400.0,42.939998626708984
2020-07-31,8.149999618530273,78900.0,43.29999923706055
2020-08-03,8.420000076293945,109800.0,44.150001525878906
2020-08-04,8.6899995803833,58400.0,44.43000030517578
2020-08-05,8.510000228881836,265900.0,45.16999816894531
2020-08-06,8.800000190734863,66300.0,45.09000015258789
2020-08-07,8.5,35600.0,44.400001525878906
2020-08-10,8.609999656677246,97800.0,44.9900016784668
2020-08-11,9.319999694824219,244800.0,44.5
2020-08-12,9.15999984741211,134300.0,45.43000030517578
2020-08-13,9.020000457763672,81400.0,44.959999084472656
2020-08-14,8.850000381469727,33900.0,44.79999923706055
2020-08-17,8.899999618530273,50100.0,45.369998931884766
2020-08-18,8.84000015258789,65300.0,45.459999084472656
2020-08-19,8.470000267028809,158600.0,45.369998931884766
2020-08-20,8.050000190734863,179800.0,44.900001525878906
2020-08-21,8.109999656677246,40400.0,44.349998474121094
2020-08-24,8.65999984741211,45900.0,45.130001068115234
2020-08-25,8.760000228881836,90200.0,45.86000061035156
2020-08-26,8.789999961853027,33700.0,45.63999938964844
2020-08-27,8.770000457763672,39600.0,45.09000015258789
2020-08-28,8.770000457763672,121400.0,45.04999923706055
2020-08-31,8.520000457763672,48000.0,45.279998779296875
2020-09-01,8.130000114440918,87100.0,45.58000183105469
2020-09-02,7.820000171661377,112900.0,44.43000030517578
2020-09-03,7.409999847412109,91900.0,44.06999969482422
2020-09-04,7.769999980926514,55100.0,42.65999984741211
2020-09-08,7.40500020980835,75200.0,39.779998779296875
2020-09-09,7.139999866485596,58100.0,40.790000915527344
2020-09-10,7.485000133514404,39900.0,40.060001373291016
2020-09-11,7.690000057220459,43400.0,39.83000183105469
2020-09-14,7.849999904632568,19300.0,39.61000061035156
2020-09-15,7.550000190734863,80900.0,40.529998779296875
2020-09-16,7.599999904632568,25300.0,42.220001220703125
2020-09-17,7.639999866485596,19500.0,43.29999923706055
2020-09-18,7.570000171661377,13500.0,43.150001525878906
2020-09-21,7.625,101800.0,41.439998626708984
2020-09-22,7.679999828338623,33100.0,41.720001220703125
2020-09-23,8.109999656677246,48900.0,41.77000045776367
2020-09-24,8.430000305175781,119200.0,41.939998626708984
2020-09-25,8.210000038146973,44500.0,41.91999816894531
2020-09-28,8.09000015258789,66700.0,42.43000030517578
2020-09-29,8.229999542236328,52100.0,41.029998779296875
2020-09-30,8.239999771118164,63200.0,40.95000076293945
2020-10-01,8.359999656677246,21200.0,40.93000030517578
2020-10-02,8.649999618530273,134300.0,39.27000045776367
2020-10-05,8.729999542236328,59300.0,41.290000915527344
2020-10-06,8.520000457763672,110900.0,42.650001525878906
2020-10-07,8.15999984741211,68400.0,41.9900016784668
2020-10-08,8.130000114440918,79000.0,43.34000015258789
2020-10-09,7.880000114440918,54900.0,42.849998474121094
2020-10-12,7.949999809265137,37200.0,41.720001220703125
2020-10-13,7.940000057220459,59500.0,42.45000076293945
2020-10-14,7.489999771118164,53500.0,43.31999969482422
2020-10-15,7.400000095367432,112100.0,43.15999984741211
2020-10-16,7.0,103100.0,42.93000030517578
2020-10-19,7.110000133514404,195600.0,42.619998931884766
2020-10-20,7.389999866485596,51200.0,43.15999984741211
2020-10-21,7.670000076293945,54800.0,41.72999954223633
2020-10-22,7.510000228881836,44200.0,42.459999084472656
2020-10-23,7.389999866485596,10700.0,41.77000045776367
2020-10-26,7.179999828338623,141900.0,40.459999084472656
2020-10-27,7.119999885559082,33100.0,41.20000076293945
2020-10-28,6.860000133514404,33300.0,39.119998931884766
2020-10-29,6.5,81100.0,37.650001525878906
2020-10-30,6.769999980926514,71900.0,37.459999084472656
2020-11-02,6.519999980926514,22900.0,38.970001220703125
2020-11-03,6.559999942779541,28700.0,39.709999084472656
2020-11-04,6.360000133514404,27000.0,41.22999954223633
2020-11-05,6.539999961853027,44500.0,40.93000030517578
2020-11-06,6.800000190734863,26400.0,39.45000076293945
2020-11-09,7.010000228881836,57700.0,42.400001525878906
2020-11-10,6.670000076293945,77900.0,43.61000061035156
2020-11-11,6.21999979019165,98900.0,43.79999923706055
2020-11-12,6.409999847412109,46700.0,43.529998779296875
2020-11-13,6.309999942779541,63500.0,42.779998779296875
2020-11-16,6.28000020980835,14100.0,43.81999969482422
2020-11-17,6.25,24300.0,43.75
2020-11-18,6.369999885559082,14600.0,44.34000015258789
2020-11-19,6.599999904632568,93100.0,44.20000076293945
2020-11-20,6.610000133514404,13600.0,44.959999084472656
2020-11-23,6.610000133514404,43400.0,46.060001373291016
2020-11-24,6.590000152587891,89800.0,47.86000061035156
2020-11-25,6.699999809265137,35400.0,48.61000061035156
2020-11-27,6.619999885559082,59000.0,48.18000030517578
2020-11-30,6.420000076293945,39100.0,47.59000015258789
2020-12-01,6.409999847412109,22700.0,47.41999816894531
2020-12-02,6.170000076293945,46500.0,48.25
2020-12-03,6.239999771118164,37900.0,48.709999084472656
2020-12-04,6.539999961853027,54200.0,49.25
2020-12-07,6.400000095367432,15600.0,48.790000915527344
2020-12-08,6.460000038146973,14400.0,48.84000015258789
2020-12-09,6.710000038146973,75800.0,48.86000061035156
2020-12-10,7.044000148773193,50100.0,50.25
2020-12-11,7.179999828338623,54100.0,49.970001220703125
2020-12-14,7.300000190734863,83300.0,50.290000915527344
2020-12-15,7.300000190734863,42500.0,50.7599983215332
2020-12-16,7.090000152587891,42000.0,51.08000183105469
2020-12-17,7.409999847412109,68300.0,51.5
2020-12-18,7.460000038146973,39400.0,52.2599983215332
2020-12-21,7.269999980926514,57600.0,50.90999984741211
2020-12-22,7.51200008392334,54200.0,50.08000183105469
2020-12-23,7.730000019073486,95700.0,51.20000076293945
2020-12-24,7.559999942779541,13200.0,51.290000915527344
2020-12-28,7.635000228881836,34600.0,50.86000061035156
2020-12-29,7.199999809265137,133000.0,51.09000015258789
2020-12-30,7.510000228881836,176900.0,51.34000015258789
2020-12-31,7.699999809265137,24700.0,51.79999923706055
2021-01-04,8.470000267028809,191700.0,51.09000015258789
2021-01-05,8.5600004196167,219900.0,53.599998474121094
2021-01-06,8.529999732971191,83000.0,54.29999923706055
2021-01-07,9.319999694824219,294500.0,54.380001068115234
2021-01-08,10.34000015258789,364900.0,55.9900016784668
2021-01-11,11.800000190734863,428100.0,55.65999984741211
2021-01-12,10.59000015258789,477200.0,56.58000183105469
2021-01-13,9.960000038146973,308100.0,56.060001373291016
2021-01-14,10.470000267028809,111700.0,56.41999816894531
2021-01-15,11.039999961853027,128700.0,55.099998474121094
2021-01-19,10.710000038146973,158200.0,55.900001525878906
2021-01-20,10.800000190734863,43300.0,56.08000183105469
2021-01-21,11.329999923706055,182300.0,56.099998474121094
2021-01-22,11.0,133400.0,55.40999984741211
2021-01-25,10.699999809265137,94400.0,55.880001068115234
2021-01-26,9.600000381469727,299400.0,55.90999984741211
2021-01-27,10.02299976348877,130800.0,55.810001373291016
2021-01-28,9.760000228881836,59200.0,55.529998779296875
2021-01-29,10.34000015258789,116600.0,55.880001068115234
2021-02-01,10.1899995803833,38500.0,56.349998474121094
2021-02-02,9.229999542236328,104500.0,57.459999084472656
2021-02-03,9.449999809265137,87700.0,58.459999084472656
2021-02-04,9.8100004196167,41200.0,58.84000015258789
2021-02-05,10.239999771118164,85000.0,59.34000015258789
2021-02-08,9.789999961853027,85200.0,60.560001373291016
2021-02-09,10.100000381469727,63700.0,61.09000015258789
2021-02-10,10.75,83700.0,61.470001220703125
2021-02-11,11.550000190734863,131500.0,61.13999938964844
2021-02-12,12.430000305175781,368900.0,62.43000030517578
2021-02-16,15.819999694824219,517500.0,63.349998474121094
2021-02-17,16.65999984741211,352400.0,64.33999633789062
2021-02-18,13.520000457763672,361100.0,63.93000030517578
2021-02-19,14.5,202300.0,62.90999984741211
2021-02-22,13.739999771118164,226700.0,65.23999786376953
2021-02-23,13.34000015258789,210700.0,65.37000274658203
2021-02-24,13.170000076293945,147700.0,67.04000091552734
2021-02-25,13.3100004196167,118500.0,66.87999725341797
2021-02-26,12.710000038146973,98400.0,66.12999725341797
2021-03-01,13.020000457763672,49300.0,63.689998626708984
2021-03-02,14.890000343322754,238000.0,62.70000076293945
2021-03-03,15.279999732971191,217400.0,64.06999969482422
2021-03-04,15.260000228881836,178100.0,66.73999786376953
2021-03-05,16.25,293700.0,69.36000061035156
2021-03-08,16.5,404500.0,68.23999786376953
2021-03-09,16.329999923706055,415800.0,67.5199966430664
2021-03-10,15.319999694824219,290900.0,67.9000015258789
2021-03-11,16.200000762939453,110100.0,69.62999725341797
2021-03-12,16.59000015258789,103500.0,69.22000122070312
2021-03-15,17.950000762939453,309700.0,68.87999725341797
2021-03-16,18.0,350100.0,68.38999938964844
2021-03-17,19.5,330400.0,68.0
2021-03-18,20.329999923706055,682100.0,63.279998779296875
2021-03-19,19.56999969482422,420700.0,64.52999877929688
2021-03-22,19.059999465942383,250500.0,64.62000274658203
2021-03-23,16.700000762939453,531000.0,60.790000915527344
2021-03-24,17.239999771118164,468000.0,64.41000366210938
2021-03-25,19.299999237060547,446600.0,61.95000076293945
2021-03-26,18.420000076293945,229400.0,64.56999969482422
2021-03-29,16.8700008392334,248400.0,64.9800033569336
2021-03-30,16.5,180100.0,64.13999938964844
2021-03-31,16.920000076293945,171000.0,63.540000915527344
2021-04-01,17.93000030517578,185500.0,64.86000061035156
2021-04-05,18.209999084472656,677200.0,62.150001525878906
2021-04-06,17.56999969482422,370300.0,62.7400016784668
2021-04-07,16.969999313354492,163500.0,63.15999984741211
2021-04-08,16.530000686645508,357600.0,63.20000076293945
2021-04-09,17.520000457763672,142700.0,62.95000076293945
2021-04-12,18.079999923706055,184600.0,63.279998779296875
2021-04-13,17.06999969482422,219300.0,63.66999816894531
2021-04-14,18.790000915527344,335000.0,66.58000183105469
2021-04-15,20.299999237060547,395300.0,66.94000244140625
2021-04-16,19.790000915527344,285800.0,66.7699966430664
2021-04-19,20.0,234000.0,67.05000305175781
2021-04-20,20.450000762939453,281900.0,66.56999969482422
2021-04-21,21.8799991607666,571100.0,65.31999969482422
2021-04-22,20.469999313354492,289300.0,65.4000015258789
2021-04-23,20.920000076293945,180700.0,66.11000061035156
2021-04-26,21.399999618530273,273600.0,65.6500015258789
2021-04-27,22.979999542236328,566500.0,66.41999816894531
2021-04-28,23.520000457763672,626000.0,67.2699966430664
2021-04-29,24.010000228881836,481600.0,68.55999755859375
2021-04-30,24.700000762939453,613000.0,67.25
2021-05-03,25.079999923706055,880600.0,67.55999755859375
2021-05-04,26.209999084472656,1040600.0,68.87999725341797
2021-05-05,26.670000076293945,1619100.0,68.95999908447266
2021-05-06,23.559999465942383,1408400.0,68.08999633789062
2021-05-07,25.899999618530273,641400.0,68.27999877929688
2021-05-10,27.59000015258789,1143200.0,68.31999969482422
2021-05-11,25.989999771118164,959500.0,68.55000305175781
2021-05-12,24.200000762939453,859100.0,69.31999969482422
2021-05-13,23.959999084472656,492600.0,67.05000305175781
2021-05-14,22.950000762939453,854300.0,68.70999908447266
2021-05-17,21.93000030517578,806600.0,69.45999908447266
2021-05-18,24.079999923706055,599800.0,68.70999908447266
2021-05-19,24.450000762939453,606800.0,66.66000366210938
2021-05-20,25.6200008392334,463400.0,65.11000061035156
2021-05-21,26.860000610351562,652300.0,66.44000244140625
2021-05-24,25.239999771118164,790100.0,68.45999908447266
2021-05-25,23.959999084472656,767800.0,68.6500015258789
2021-05-26,23.959999084472656,597100.0,68.87000274658203
2021-05-27,23.920000076293945,242000.0,69.45999908447266
2021-05-28,23.0,382900.0,69.62999725341797
2021-06-01,23.850000381469727,282700.0,70.25
2021-06-02,22.579999923706055,595400.0,71.3499984741211
2021-06-03,22.709999084472656,320300.0,71.30999755859375
2021-06-04,23.5,291700.0,71.88999938964844
2021-06-07,22.65999984741211,436600.0,71.48999786376953
2021-06-08,23.110000610351562,445700.0,72.22000122070312
2021-06-09,24.989999771118164,700200.0,72.22000122070312
2021-06-10,27.049999237060547,577200.0,72.5199966430664
2021-06-11,27.81999969482422,481700.0,72.69000244140625
2021-06-14,27.0,439200.0,72.86000061035156
2021-06-15,28.989999771118164,563800.0,73.98999786376953
2021-06-16,30.139999389648438,531700.0,74.38999938964844
2021-06-17,28.06999969482422,559200.0,73.08000183105469
2021-06-18,27.06999969482422,421000.0,73.51000213623047
2021-06-21,26.559999465942383,242200.0,74.9000015258789
2021-06-22,27.049999237060547,328300.0,74.80999755859375
2021-06-23,27.8799991607666,305800.0,75.19000244140625
2021-06-24,28.84000015258789,486200.0,75.55999755859375
2021-06-25,29.959999084472656,472000.0,76.18000030517578
2021-06-28,28.93000030517578,431800.0,74.68000030517578
2021-06-29,28.81999969482422,382600.0,74.76000213623047
2021-06-30,29.350000381469727,211500.0,75.12999725341797
2021-07-01,27.31999969482422,399400.0,75.83999633789062
2021-07-02,26.8700008392334,273800.0,76.16999816894531
2021-07-06,25.260000228881836,849100.0,74.52999877929688
2021-07-07,26.920000076293945,459500.0,73.43000030517578
2021-07-08,26.34000015258789,164700.0,74.12000274658203
2021-07-09,26.790000915527344,240100.0,75.55000305175781
2021-07-12,25.34000015258789,288400.0,75.16000366210938
2021-07-13,24.489999771118164,535300.0,76.48999786376953
2021-07-14,23.149999618530273,649800.0,74.76000213623047
2021-07-15,24.450000762939453,259100.0,73.47000122070312
2021-07-16,24.510000228881836,184200.0,73.58999633789062
2021-07-19,25.329999923706055,425100.0,68.62000274658203
2021-07-20,25.479999542236328,146200.0,69.3499984741211
2021-07-21,26.100000381469727,173100.0,72.2300033569336
2021-07-22,26.579999923706055,161900.0,73.79000091552734
2021-07-23,27.09000015258789,96500.0,74.0999984741211
2021-07-26,25.6299991607666,310300.0,74.5
2021-07-27,24.6299991607666,179500.0,74.4800033569336
2021-07-28,25.489999771118164,102900.0,74.73999786376953
2021-07-29,26.649999618530273,204700.0,76.05000305175781
2021-07-30,25.799999237060547,185600.0,76.33000183105469
2021-08-02,26.549999237060547,78800.0,72.88999938964844
2021-08-03,26.6299991607666,109200.0,72.41000366210938
2021-08-04,27.190000534057617,150100.0,70.37999725341797
2021-08-05,26.729999542236328,95300.0,71.29000091552734
2021-08-06,26.600000381469727,46500.0,70.69999694824219
2021-08-09,26.420000076293945,122700.0,69.04000091552734
2021-08-10,27.010000228881836,78400.0,70.62999725341797
2021-08-11,27.770000457763672,129300.0,71.44000244140625
2021-08-12,28.25,164200.0,71.30999755859375
2021-08-13,27.969999313354492,109700.0,70.58999633789062
2021-08-16,28.780000686645508,170400.0,69.51000213623047
2021-08-17,29.209999084472656,389600.0,69.02999877929688
2021-08-18,29.600000381469727,191800.0,68.2300033569336
2021-08-19,29.270000457763672,213400.0,66.44999694824219
2021-08-20,29.979999542236328,112000.0,65.18000030517578
2021-08-23,30.329999923706055,148000.0,68.75
2021-08-24,30.3700008392334,179100.0,71.05000305175781
2021-08-25,29.399999618530273,201800.0,72.25
2021-08-26,30.739999771118164,105700.0,71.06999969482422
2021-08-27,30.0,103300.0,72.69999694824219
2021-08-30,29.940000534057617,103900.0,73.41000366210938
2021-08-31,28.329999923706055,279600.0,72.98999786376953
2021-09-01,27.729999542236328,198600.0,71.58999633789062
2021-09-02,28.260000228881836,132800.0,73.02999877929688
2021-09-03,27.360000610351562,171800.0,72.61000061035156
2021-09-07,26.899999618530273,227100.0,71.69000244140625
2021-09-08,27.670000076293945,127200.0,72.5999984741211
2021-09-09,29.350000381469727,386400.0,71.44999694824219
2021-09-10,30.1200008392334,356700.0,72.91999816894531
2021-09-13,30.829999923706055,284100.0,73.51000213623047
2021-09-14,29.8799991607666,226400.0,73.5999984741211
2021-09-15,30.200000762939453,105800.0,75.45999908447266
2021-09-16,30.649999618530273,84400.0,75.66999816894531
2021-09-17,30.729999542236328,167500.0,75.33999633789062
2021-09-20,28.899999618530273,546600.0,73.91999816894531
2021-09-21,30.899999618530273,241700.0,74.36000061035156
2021-09-22,30.739999771118164,130600.0,76.19000244140625
2021-09-23,31.860000610351562,192800.0,77.25
2021-09-24,32.47999954223633,229200.0,78.08999633789062
2021-09-27,34.349998474121094,414600.0,79.52999877929688
2021-09-28,36.56999969482422,602700.0,79.08999633789062
2021-09-29,35.68000030517578,550000.0,78.63999938964844
2021-09-30,36.0099983215332,244100.0,78.5199966430664
2021-10-01,36.900001525878906,221600.0,79.27999877929688
2021-10-04,37.77000045776367,295700.0,81.26000213623047
2021-10-05,41.25,407000.0,82.55999755859375
2021-10-06,41.5099983215332,506900.0,81.08000183105469
2021-10-07,38.84000015258789,554200.0,81.94999694824219
2021-10-08,39.22999954223633,264800.0,82.38999938964844
2021-10-11,40.959999084472656,420000.0,83.6500015258789
2021-10-12,37.630001068115234,556700.0,83.41999816894531
2021-10-13,36.88999938964844,667700.0,83.18000030517578
2021-10-14,37.279998779296875,184600.0,84.0
2021-10-15,35.29999923706055,709500.0,84.86000061035156
2021-10-18,37.290000915527344,153200.0,84.33000183105469
2021-10-19,38.47999954223633,404100.0,85.08000183105469
2021-10-20,37.310001373291016,343500.0,85.81999969482422
2021-10-21,34.56999969482422,426200.0,84.61000061035156
2021-10-22,32.20000076293945,564300.0,85.52999877929688
2021-10-25,30.610000610351562,785000.0,85.98999786376953
2021-10-26,27.760000228881836,779200.0,86.4000015258789
2021-10-27,29.479999542236328,277900.0,84.58000183105469
2021-10-28,30.3700008392334,226300.0,84.31999969482422
2021-10-29,30.040000915527344,236100.0,84.37999725341797
2021-11-01,26.399999618530273,418100.0,84.70999908447266
2021-11-02,22.8799991607666,568500.0,84.72000122070312
2021-11-03,20.81999969482422,416300.0,81.98999786376953
2021-11-04,23.06999969482422,497700.0,80.54000091552734
2021-11-05,23.049999237060547,245700.0,82.73999786376953
2021-11-08,25.15999984741211,316900.0,83.43000030517578
2021-11-09,24.219999313354492,498100.0,84.77999877929688
2021-11-10,22.700000762939453,412500.0,82.63999938964844
2021-11-11,21.940000534057617,253600.0,82.87000274658203
2021-11-12,22.6299991607666,218100.0,82.16999816894531
2021-11-15,21.670000076293945,244700.0,82.05000305175781
2021-11-16,19.649999618530273,850800.0,82.43000030517578
2021-11-17,20.450000762939453,201600.0,80.27999877929688
2021-11-18,22.229999542236328,203200.0,81.23999786376953
2021-11-19,24.790000915527344,371600.0,78.88999938964844
2021-11-22,24.889999389648438,368700.0,79.69999694824219
2021-11-23,23.389999389648438,252900.0,82.30999755859375
2021-11-24,25.200000762939453,329000.0,82.25
2021-11-26,24.729999542236328,487500.0,72.72000122070312
2021-11-29,26.959999084472656,320300.0,73.44000244140625
2021-11-30,26.649999618530273,240000.0,70.56999969482422
2021-12-01,27.790000915527344,156500.0,68.87000274658203
2021-12-02,28.719999313354492,277600.0,69.66999816894531
2021-12-03,29.59000015258789,169400.0,69.87999725341797
2021-12-06,29.600000381469727,289700.0,73.08000183105469
2021-12-07,30.440000534057617,300000.0,75.44000244140625
2021-12-08,28.459999084472656,331700.0,75.81999969482422
2021-12-09,27.170000076293945,675100.0,74.41999816894531
2021-12-10,28.139999389648438,232300.0,75.1500015258789
2021-12-13,27.829999923706055,69300.0,74.38999938964844
2021-12-14,23.610000610351562,593900.0,73.69999694824219
2021-12-15,24.790000915527344,68200.0,73.87999725341797
2021-12-16,24.280000686645508,89700.0,75.0199966430664
2021-12-17,23.950000762939453,58300.0,73.5199966430664
2021-12-20,25.719999313354492,195400.0,71.5199966430664
2021-12-21,25.040000915527344,176600.0,73.9800033569336
2021-12-22,26.270000457763672,90600.0,75.29000091552734
2021-12-23,26.770000457763672,99200.0,76.8499984741211
2021-12-27,26.700000762939453,93100.0,78.5999984741211
2021-12-28,26.489999771118164,58100.0,78.94000244140625
2021-12-29,28.25,103800.0,79.2300033569336
2021-12-30,29.600000381469727,149900.0,79.31999969482422
2021-12-31,29.489999771118164,63100.0,77.77999877929688
2022-01-03,29.219999313354492,145700.0,78.9800033569336
2022-01-04,26.84000015258789,170000.0,80.0
2022-01-05,26.219999313354492,149300.0,80.80000305175781
2022-01-06,26.479999542236328,68100.0,81.98999786376953
2022-01-07,26.860000610351562,70400.0,81.75
2022-01-10,24.079999923706055,183300.0,80.87000274658203
2022-01-11,24.700000762939453,137200.0,83.72000122070312
2022-01-12,23.5,197500.0,84.66999816894531
2022-01-13,22.360000610351562,164400.0,84.47000122070312
2022-01-14,23.190000534057617,81600.0,86.05999755859375
2022-01-18,21.0,385700.0,87.51000213623047
2022-01-19,19.90999984741211,252800.0,88.44000244140625
2022-01-20,21.530000686645508,307600.0,88.37999725341797
2022-01-21,20.110000610351562,169200.0,87.88999938964844
2022-01-24,21.079999923706055,160500.0,86.2699966430664
2022-01-25,19.940000534057617,126200.0,88.19999694824219
2022-01-26,19.639999389648438,221700.0,89.95999908447266
2022-01-27,20.5,292800.0,89.33999633789062
2022-01-28,22.010000228881836,224300.0,90.02999877929688
2022-01-31,21.940000534057617,132000.0,91.20999908447266
2022-02-01,21.5,186000.0,89.16000366210938
2022-02-02,22.290000915527344,342400.0,89.47000122070312
2022-02-03,21.829999923706055,153200.0,91.11000061035156
2022-02-04,21.700000762939453,88200.0,93.2699966430664
2022-02-07,21.780000686645508,134700.0,92.69000244140625
2022-02-08,22.780000686645508,76600.0,90.77999877929688
2022-02-09,24.850000381469727,562600.0,91.55000305175781
2022-02-10,25.43000030517578,274900.0,91.41000366210938
2022-02-11,24.729999542236328,339200.0,94.44000244140625
2022-02-14,22.780000686645508,308000.0,96.4800033569336
2022-02-15,22.65999984741211,144100.0,93.27999877929688
2022-02-16,22.170000076293945,71200.0,94.80999755859375
2022-02-17,23.530000686645508,155300.0,92.97000122070312
2022-02-18,23.56999969482422,175900.0,93.54000091552734
2022-02-22,23.860000610351562,112500.0,96.83999633789062
2022-02-23,24.940000534057617,187400.0,96.83999633789062
2022-02-24,22.6200008392334,368600.0,99.08000183105469
2022-02-25,22.610000610351562,141000.0,97.93000030517578
2022-02-28,21.43000030517578,195900.0,100.98999786376953
2022-03-01,23.8799991607666,232800.0,104.97000122070312
2022-03-02,23.670000076293945,203200.0,112.93000030517578
2022-03-03,23.579999923706055,69200.0,110.45999908447266
2022-03-04,24.899999618530273,219200.0,118.11000061035156
2022-03-07,26.280000686645508,216200.0,123.20999908447266
2022-03-08,26.829999923706055,422100.0,127.9800033569336
2022-03-09,27.84000015258789,378300.0,111.13999938964844
2022-03-10,27.56999969482422,532500.0,109.33000183105469
2022-03-11,27.049999237060547,429300.0,112.66999816894531
2022-03-14,24.700000762939453,406000.0,106.9000015258789
2022-03-15,23.729999542236328,684600.0,99.91000366210938
2022-03-16,25.540000915527344,218200.0,98.0199966430664
2022-03-17,26.040000915527344,471300.0,106.63999938964844
2022-03-18,26.350000381469727,180800.0,107.93000030517578
2022-03-21,25.760000228881836,60400.0,115.62000274658203
2022-03-22,25.049999237060547,163300.0,115.4800033569336
2022-03-23,25.950000762939453,166700.0,121.5999984741211
2022-03-24,24.8799991607666,177500.0,119.02999877929688
2022-03-25,24.389999389648438,83400.0,120.6500015258789
2022-03-28,23.770000457763672,181900.0,112.4800033569336
2022-03-29,24.260000228881836,318800.0,110.2300033569336
2022-03-30,25.010000228881836,1207800.0,113.44999694824219
2022-03-31,24.18000030517578,648300.0,107.91000366210938
2022-04-01,23.959999084472656,125000.0,104.38999938964844
2022-04-04,22.399999618530273,553900.0,107.52999877929688
2022-04-05,21.770000457763672,1346500.0,106.63999938964844
2022-04-06,20.6200008392334,600000.0,101.06999969482422
2022-04-07,21.65999984741211,160400.0,100.58000183105469
2022-04-08,22.450000762939453,174100.0,102.77999877929688
2022-04-11,21.0,233900.0,98.4800033569336
2022-04-12,21.280000686645508,142300.0,104.63999938964844
2022-04-13,21.239999771118164,131000.0,108.77999877929688
2022-04-14,22.15999984741211,349500.0,111.69999694824219
2022-04-18,22.219999313354492,128500.0,113.16000366210938
2022-04-19,21.229999542236328,284300.0,107.25
2022-04-20,20.290000915527344,257800.0,106.80000305175781
2022-04-21,21.739999771118164,183400.0,108.33000183105469
2022-04-22,22.309999465942383,178700.0,106.6500015258789
2022-04-25,20.920000076293945,190500.0,102.31999969482422
2022-04-26,20.739999771118164,189500.0,104.98999786376953
2022-04-27,21.549999237060547,178200.0,105.31999969482422
2022-04-28,21.010000228881836,69900.0,107.58999633789062
2022-04-29,21.479999542236328,38500.0,109.33999633789062
2022-05-02,21.489999771118164,82500.0,107.58000183105469
2022-05-03,22.1200008392334,107000.0,104.97000122070312
2022-05-04,23.290000915527344,143600.0,110.13999938964844
2022-05-05,23.690000534057617,135500.0,110.9000015258789
2022-05-06,23.75,142800.0,112.38999938964844
2022-05-09,23.8799991607666,246500.0,105.94000244140625
2022-05-10,23.389999389648438,89800.0,102.45999908447266
2022-05-11,23.899999618530273,201100.0,107.51000213623047
2022-05-12,23.190000534057617,222500.0,107.44999694824219
2022-05-13,23.1200008392334,118900.0,111.55000305175781
2022-05-16,23.34000015258789,96200.0,114.23999786376953
2022-05-17,24.6299991607666,90400.0,111.93000030517578
2022-05-18,25.780000686645508,490400.0,109.11000061035156
2022-05-19,24.969999313354492,259100.0,112.04000091552734
2022-05-20,25.420000076293945,212000.0,112.55000305175781
2022-05-23,24.600000381469727,160000.0,113.41999816894531
2022-05-24,23.389999389648438,57000.0,113.55999755859375
2022-05-25,22.969999313354492,115500.0,114.02999877929688
2022-05-26,22.549999237060547,225500.0,117.4000015258789
2022-05-27,21.479999542236328,228100.0,119.43000030517578
2022-05-31,22.190000534057617,500200.0,122.83999633789062
2022-06-01,21.889999389648438,240900.0,116.29000091552734
2022-06-02,22.0,82000.0,117.61000061035156
2022-06-03,22.010000228881836,187400.0,119.72000122070312
2022-06-06,21.459999084472656,185900.0,119.51000213623047
2022-06-07,20.350000381469727,186400.0,120.56999969482422
2022-06-08,19.239999771118164,468200.0,123.58000183105469
2022-06-09,19.360000610351562,146800.0,123.06999969482422
2022-06-10,19.850000381469727,265600.0,122.01000213623047
2022-06-13,19.139999389648438,65200.0,122.2699966430664
2022-06-14,19.8799991607666,38200.0,121.16999816894531
2022-06-15,19.549999237060547,69700.0,118.51000213623047
2022-06-16,19.690000534057617,97100.0,119.80999755859375
2022-06-17,20.15999984741211,80100.0,113.12000274658203
2022-06-21,18.290000915527344,231600.0,114.6500015258789
2022-06-22,16.790000915527344,687700.0,111.73999786376953
2022-06-23,17.579999923706055,185900.0,110.05000305175781
2022-06-24,16.899999618530273,94300.0,113.12000274658203
2022-06-27,16.3700008392334,295400.0,115.08999633789062
2022-06-28,16.030000686645508,113800.0,117.9800033569336
2022-06-29,16.729999542236328,228100.0,116.26000213623047
2022-06-30,17.170000076293945,200700.0,114.80999755859375
2022-07-01,17.110000610351562,14100.0,111.62999725341797
2022-07-05,15.899999618530273,54800.0,102.7699966430664
2022-07-06,14.949999809265137,266000.0,100.69000244140625
2022-07-07,15.90999984741211,226100.0,104.6500015258789
2022-07-08,15.289999961853027,353500.0,107.0199966430664
2022-07-11,15.020000457763672,159300.0,107.0999984741211
2022-07-12,13.859999656677246,173200.0,99.48999786376953
2022-07-13,14.479999542236328,232300.0,99.56999969482422
2022-07-14,15.180000305175781,100100.0,99.0999984741211
2022-07-15,15.989999771118164,80800.0,101.16000366210938
2022-07-18,15.279999732971191,161200.0,106.2699966430664
2022-07-19,14.8100004196167,191400.0,107.3499984741211
2022-07-20,14.539999961853027,186300.0,106.91999816894531
2022-07-21,14.649999618530273,85800.0,103.86000061035156
2022-07-22,14.600000381469727,245800.0,103.19999694824219
2022-07-25,13.279999732971191,238200.0,105.1500015258789
2022-07-26,13.470000267028809,198100.0,104.4000015258789
2022-07-27,13.3100004196167,141000.0,106.62000274658203
2022-07-28,12.789999961853027,328100.0,107.13999938964844
2022-07-29,12.420000076293945,233000.0,110.01000213623047
2022-08-01,12.649999618530273,124300.0,100.02999877929688
2022-08-02,11.779999732971191,552500.0,100.54000091552734
2022-08-03,10.829999923706055,395400.0,96.77999877929688
2022-08-04,10.819999694824219,282600.0,94.12000274658203
2022-08-05,11.100000381469727,297000.0,94.91999816894531
2022-08-08,11.229999542236328,297500.0,96.6500015258789
2022-08-09,11.5600004196167,287600.0,96.30999755859375
2022-08-10,11.579999923706055,230800.0,97.4000015258789
2022-08-11,10.890000343322754,352200.0,99.5999984741211
2022-08-12,10.539999961853027,309700.0,98.1500015258789
2022-08-15,9.890000343322754,382100.0,95.0999984741211
2022-08-16,9.989999771118164,70000.0,92.33999633789062
2022-08-17,9.770000457763672,92800.0,93.6500015258789
2022-08-18,9.420000076293945,256300.0,96.58999633789062
2022-08-19,9.3100004196167,100600.0,96.72000122070312
2022-08-22,9.210000038146973,129200.0,96.4800033569336
2022-08-23,8.699999809265137,275500.0,100.22000122070312
2022-08-24,8.550000190734863,216300.0,101.22000122070312
2022-08-25,7.96999979019165,549600.0,99.33999633789062
2022-08-26,7.920000076293945,281900.0,100.98999786376953
2022-08-29,7.860000133514404,449400.0,105.08999633789062
2022-08-30,7.199999809265137,1201400.0,99.30999755859375
2022-08-31,7.840000152587891,649500.0,96.48999786376953
2022-09-01,8.729999542236328,997000.0,92.36000061035156
2022-09-02,8.779999732971191,403400.0,93.0199966430664
2022-09-06,7.989999771118164,533600.0,92.83000183105469
2022-09-07,8.25,348300.0,88.0
2022-09-08,8.779999732971191,263800.0,89.1500015258789
2022-09-09,8.630000114440918,236600.0,92.83999633789062
2022-09-12,9.550000190734863,519900.0,94.0
2022-09-13,9.75,346300.0,93.16999816894531
2022-09-14,9.390000343322754,472000.0,94.0999984741211
2022-09-15,9.140000343322754,110300.0,90.83999633789062
2022-09-16,9.069999694824219,228000.0,91.3499984741211
2022-09-19,9.180000305175781,131700.0,92.0
2022-09-20,10.25,500500.0,90.62000274658203
2022-09-21,10.050000190734863,246900.0,89.83000183105469
2022-09-22,9.9399995803833,127700.0,90.45999908447266
2022-09-23,10.270000457763672,804800.0,86.1500015258789
2022-09-26,10.050000190734863,182700.0,84.05999755859375
2022-09-27,10.390000343322754,145500.0,86.2699966430664
2022-09-28,9.579999923706055,244200.0,89.31999969482422
2022-09-29,8.960000038146973,444000.0,88.48999786376953
2022-09-30,9.039999961853027,93600.0,87.95999908447266
2022-10-03,9.140000343322754,205200.0,88.86000061035156
2022-10-04,10.350000381469727,195700.0,91.80000305175781
2022-10-05,10.100000381469727,172900.0,93.37000274658203
2022-10-06,9.6899995803833,212400.0,94.41999816894531
2022-10-07,9.699999809265137,98300.0,97.91999816894531
2022-10-10,9.199999809265137,127500.0,96.19000244140625
2022-10-11,9.34000015258789,197600.0,94.29000091552734
2022-10-12,9.09000015258789,149000.0,92.44999694824219
2022-10-13,8.6899995803833,155500.0,94.56999969482422
2022-10-14,9.210000038146973,373700.0,91.62999725341797
2022-10-17,8.829999923706055,212500.0,91.62000274658203
2022-10-18,9.1899995803833,181100.0,90.02999877929688
2022-10-19,8.949999809265137,145100.0,92.41000366210938
2022-10-20,8.710000038146973,113200.0,92.37999725341797
2022-10-21,8.8100004196167,95300.0,93.5
2022-10-24,8.479999542236328,117400.0,93.26000213623047
2022-10-25,8.350000381469727,120600.0,93.5199966430664
2022-10-26,8.09000015258789,191100.0,95.69000244140625
2022-10-27,7.75,148900.0,96.95999908447266
2022-10-28,7.710000038146973,73500.0,95.7699966430664
2022-10-31,7.099999904632568,433400.0,94.83000183105469
2022-11-01,7.409999847412109,112200.0,94.6500015258789
2022-11-02,7.670000076293945,398200.0,96.16000366210938
2022-11-03,7.369999885559082,188200.0,94.66999816894531
2022-11-04,7.71999979019165,262800.0,98.56999969482422
2022-11-07,7.570000171661377,478900.0,97.91999816894531
2022-11-08,7.699999809265137,204200.0,95.36000061035156
2022-11-09,7.900000095367432,191500.0,92.6500015258789
2022-11-10,7.889999866485596,196900.0,93.66999816894531
2022-11-11,8.199999809265137,228500.0,95.98999786376953
2022-11-14,8.199999809265137,191700.0,93.13999938964844
2022-11-15,7.710000038146973,915800.0,93.86000061035156
2022-11-16,7.349999904632568,341200.0,92.86000061035156
2022-11-17,7.190000057220459,226000.0,89.77999877929688
2022-11-18,7.090000152587891,111000.0,87.62000274658203
2022-11-21,7.369999885559082,230200.0,87.44999694824219
2022-11-22,7.070000171661377,400500.0,88.36000061035156
2022-11-23,7.380000114440918,316900.0,85.41000366210938
2022-11-25,7.820000171661377,365500.0,83.62999725341797
2022-11-28,7.659999847412109,547600.0,83.19000244140625
2022-11-29,7.539999961853027,152300.0,83.02999877929688
2022-11-30,7.860000133514404,217700.0,85.43000030517578
2022-12-01,7.710000038146973,258600.0,86.87999725341797
2022-12-02,7.699999809265137,126700.0,85.56999969482422
2022-12-05,7.96999979019165,526000.0,82.68000030517578
2022-12-06,8.4399995803833,793600.0,79.3499984741211
2022-12-07,8.399999618530273,155200.0,77.16999816894531
2022-12-08,9.010000228881836,236200.0,76.1500015258789
2022-12-09,9.1899995803833,183500.0,76.0999984741211
2022-12-12,8.739999771118164,299900.0,77.98999786376953
2022-12-13,9.289999961853027,426500.0,80.68000030517578
2022-12-14,9.819999694824219,275900.0,82.69999694824219
2022-12-15,9.760000228881836,507700.0,81.20999908447266
2022-12-16,9.029999732971191,230300.0,79.04000091552734
2022-12-19,8.850000381469727,295800.0,79.80000305175781
2022-12-20,9.979999542236328,326400.0,79.98999786376953
2022-12-21,9.979999542236328,219600.0,82.19999694824219
2022-12-22,9.739999771118164,204000.0,80.9800033569336
2022-12-23,9.460000038146973,251400.0,83.91999816894531
2022-12-27,9.5,465800.0,84.33000183105469
2022-12-28,9.449999809265137,102600.0,83.26000213623047
2022-12-29,9.399999618530273,93000.0,82.26000213623047
2022-12-30,9.1899995803833,148000.0,85.91000366210938
2023-01-03,8.819999694824219,75000.0,82.0999984741211
2023-01-04,9.25,45200.0,77.83999633789062
2023-01-05,9.510000228881836,56200.0,78.69000244140625
2023-01-06,10.039999961853027,83700.0,78.56999969482422
2023-01-09,9.739999771118164,56100.0,79.6500015258789
2023-01-10,9.119999885559082,48800.0,80.0999984741211
2023-01-11,8.979999542236328,44300.0,82.66999816894531
2023-01-12,9.09000015258789,53500.0,84.02999877929688
2023-01-13,9.359999656677246,115500.0,85.27999877929688
2023-01-17,9.40999984741211,71100.0,85.91999816894531
2023-01-18,8.9399995803833,65900.0,84.9800033569336
2023-01-19,8.774999618530273,123200.0,86.16000366210938
2023-01-20,8.949999809265137,72800.0,87.62999725341797
2023-01-23,8.640000343322754,100700.0,88.19000244140625
2023-01-24,8.4399995803833,44600.0,86.12999725341797
2023-01-25,8.449999809265137,31200.0,86.12000274658203
2023-01-26,8.119999885559082,134800.0,87.47000122070312
2023-01-27,8.270000457763672,144100.0,86.66000366210938
2023-01-30,8.0,283400.0,84.9000015258789
2023-01-31,7.800000190734863,208900.0,84.48999786376953
2023-02-01,7.53000020980835,514600.0,82.83999633789062
2023-02-02,7.309999942779541,486400.0,82.16999816894531
2023-02-03,7.110000133514404,393400.0,79.94000244140625
2023-02-06,6.800000190734863,630100.0,80.98999786376953
2023-02-07,7.159999847412109,905500.0,83.69000244140625
2023-02-08,7.619999885559082,752700.0,85.08999633789062
2023-02-09,7.119999885559082,766500.0,84.5
2023-02-10,7.230000019073486,276600.0,86.38999938964844
2023-02-13,7.0,960500.0,86.61000061035156
2023-02-14,6.730000019073486,842200.0,85.58000183105469
2023-02-15,6.53000020980835,756000.0,85.37999725341797
2023-02-16,6.75,840600.0,85.13999938964844
2023-02-17,6.599999904632568,549000.0,83.0
2023-02-21,7.059999942779541,1312000.0,83.05000305175781
2023-02-22,7.289999961853027,958500.0,80.5999984741211
2023-02-23,7.960000038146973,1597000.0,82.20999908447266
2023-02-24,7.949999809265137,629900.0,83.16000366210938
2023-02-27,8.149999618530273,574200.0,82.44999694824219
2023-02-28,9.050000190734863,1039600.0,83.88999938964844
2023-03-01,8.819999694824219,860200.0,84.30999755859375
2023-03-02,8.979999542236328,460900.0,84.75
2023-03-03,9.390000343322754,406300.0,85.83000183105469
2023-03-06,9.149999618530273,407600.0,86.18000030517578
2023-03-07,9.180000305175781,448100.0,83.29000091552734
2023-03-08,9.600000381469727,407800.0,82.66000366210938
2023-03-09,9.920000076293945,599200.0,81.58999633789062
2023-03-10,10.1899995803833,414300.0,82.77999877929688
2023-03-13,10.260000228881836,313500.0,80.7699966430664
2023-03-14,10.569999694824219,400400.0,77.44999694824219
2023-03-15,9.6899995803833,902500.0,73.69000244140625
2023-03-16,9.979999542236328,330800.0,74.69999694824219
2023-03-17,9.970000267028809,288800.0,72.97000122070312
2023-03-20,9.5,456200.0,73.79000091552734
2023-03-21,9.3100004196167,362200.0,75.31999969482422
2023-03-22,9.489999771118164,291800.0,76.69000244140625
2023-03-23,10.1899995803833,293800.0,75.91000366210938
2023-03-24,9.760000228881836,259600.0,74.98999786376953
2023-03-27,9.449999809265137,152900.0,78.12000274658203
2023-03-28,9.460000038146973,132900.0,78.6500015258789
2023-03-29,10.020000457763672,277000.0,78.27999877929688
2023-03-30,9.649999618530273,195400.0,79.2699966430664
2023-03-31,10.100000381469727,136200.0,79.7699966430664
2023-04-03,10.010000228881836,148900.0,84.93000030517578
2023-04-04,10.3100004196167,196600.0,84.94000244140625
2023-04-05,10.020000457763672,80400.0,84.98999786376953
2023-04-06,9.8100004196167,524800.0,85.12000274658203
2023-04-10,9.90999984741211,298000.0,84.18000030517578
2023-04-11,9.279999732971191,366200.0,85.61000061035156
2023-04-12,9.40999984741211,358100.0,87.33000183105469
2023-04-13,9.369999885559082,162100.0,86.08999633789062
2023-04-14,9.1899995803833,493500.0,86.30999755859375
2023-04-17,8.960000038146973,377100.0,84.76000213623047
2023-04-18,8.619999885559082,700500.0,84.7699966430664
2023-04-19,9.15999984741211,194800.0,83.12000274658203
2023-04-20,9.25,65100.0,81.0999984741211
2023-04-21,9.15999984741211,56300.0,81.66000366210938
2023-04-24,8.779999732971191,177500.0,82.7300033569336
2023-04-25,8.760000228881836,222500.0,80.7699966430664
2023-04-26,8.819999694824219,108500.0,77.69000244140625
2023-04-27,8.850000381469727,157800.0,78.37000274658203
2023-04-28,8.760000228881836,127400.0,79.54000091552734
2023-05-01,8.779999732971191,124300.0,79.30999755859375
2023-05-02,8.279999732971191,286200.0,75.31999969482422
2023-05-03,8.449999809265137,231100.0,72.33000183105469
2023-05-04,7.929999828338623,563400.0,72.5
2023-05-05,8.300000190734863,69700.0,75.30000305175781
2023-05-08,8.350000381469727,233200.0,77.01000213623047
2023-05-09,8.989999771118164,233100.0,77.44000244140625
2023-05-10,8.600000381469727,87500.0,76.41000366210938
2023-05-11,8.09000015258789,191800.0,74.9800033569336
2023-05-12,7.71999979019165,280900.0,74.16999816894531
2023-05-15,7.289999961853027,364400.0,75.2300033569336
2023-05-16,7.21999979019165,188900.0,74.91000366210938
2023-05-17,7.21999979019165,311400.0,76.95999908447266
2023-05-18,7.489999771118164,132000.0,75.86000061035156
2023-05-19,7.409999847412109,62800.0,75.58000183105469
2023-05-22,7.389999866485596,100000.0,75.98999786376953
2023-05-23,7.090000152587891,181100.0,76.83999633789062
2023-05-24,6.559999942779541,668100.0,78.36000061035156
2023-05-25,6.440000057220459,494800.0,76.26000213623047
2023-05-26,6.570000171661377,204900.0,76.94999694824219
2023-05-30,6.079999923706055,515800.0,73.54000091552734
2023-05-31,5.78000020980835,841400.0,72.66000366210938
2023-06-01,5.840000152587891,314300.0,74.27999877929688
2023-06-02,6.139999866485596,295800.0,76.12999725341797
2023-06-05,6.550000190734863,192000.0,76.70999908447266
2023-06-06,6.550000190734863,242700.0,76.29000091552734
2023-06-07,6.139999866485596,320900.0,76.94999694824219
2023-06-08,6.369999885559082,315300.0,75.95999908447266
2023-06-09,6.329999923706055,141500.0,74.79000091552734
2023-06-12,6.190000057220459,205400.0,71.83999633789062
2023-06-13,6.300000190734863,309600.0,74.29000091552734
2023-06-14,6.400000095367432,258100.0,73.19999694824219
2023-06-15,6.340000152587891,274300.0,75.66999816894531
2023-06-16,6.139999866485596,408700.0,76.61000061035156
2023-06-20,6.159999847412109,268500.0,75.9000015258789
2023-06-21,6.119999885559082,339800.0,77.12000274658203
2023-06-22,6.170000076293945,164200.0,74.13999938964844
2023-06-23,6.159999847412109,131600.0,73.8499984741211
2023-06-26,5.920000076293945,291700.0,74.18000030517578
2023-06-27,5.659999847412109,544400.0,72.26000213623047
2023-06-28,5.570000171661377,299100.0,74.02999877929688
2023-06-29,5.610000133514404,385200.0,74.33999633789062
2023-06-30,5.550000190734863,721200.0,74.9000015258789
2023-07-03,5.170000076293945,375900.0,74.6500015258789
2023-07-05,5.050000190734863,654900.0,76.6500015258789
2023-07-06,5.199999809265137,459100.0,76.5199966430664
2023-07-07,5.010000228881836,231500.0,78.47000122070312
2023-07-10,5.039999961853027,301200.0,77.69000244140625
2023-07-11,5.21999979019165,228000.0,79.4000015258789
2023-07-12,5.369999885559082,452400.0,80.11000061035156
2023-07-13,5.170000076293945,370600.0,81.36000061035156
2023-07-14,5.079999923706055,141900.0,79.87000274658203
2023-07-17,4.840000152587891,696400.0,78.5
2023-07-18,4.610000133514404,632300.0,79.62999725341797
2023-07-19,4.5,631000.0,79.45999908447266
2023-07-20,4.730000019073486,1202700.0,79.63999938964844
2023-07-21,4.730000019073486,537400.0,81.06999969482422
2023-07-24,4.559999942779541,564100.0,82.73999786376953
2023-07-25,4.789999961853027,875300.0,83.63999938964844
2023-07-26,4.869999885559082,834400.0,82.91999816894531
2023-07-27,4.800000190734863,338800.0,84.23999786376953
2023-07-28,4.760000228881836,296700.0,84.98999786376953
2023-07-31,4.949999809265137,325200.0,85.55999755859375
2023-08-01,4.949999809265137,289700.0,84.91000366210938
2023-08-02,4.820000171661377,384300.0,83.19999694824219
2023-08-03,4.889999866485596,91200.0,85.13999938964844
2023-08-04,4.889999866485596,228400.0,86.23999786376953
2023-08-07,5.210000038146973,491500.0,85.33999633789062
2023-08-08,5.070000171661377,289800.0,86.16999816894531
2023-08-09,5.059999942779541,112700.0,87.55000305175781
2023-08-10,5.21999979019165,245700.0,86.4000015258789
2023-08-11,5.329999923706055,195400.0,86.80999755859375
2023-08-14,5.340000152587891,173400.0,86.20999908447266
2023-08-15,5.590000152587891,545700.0,84.88999938964844
2023-08-16,5.659999847412109,808000.0,83.44999694824219
2023-08-17,5.449999809265137,388800.0,84.12000274658203
2023-08-18,5.329999923706055,328200.0,84.80000305175781
2023-08-21,5.090000152587891,408900.0,84.45999908447266
2023-08-22,4.940000057220459,189900.0,84.02999877929688
2023-08-23,4.829999923706055,359000.0,83.20999908447266
2023-08-24,5.059999942779541,222400.0,83.36000061035156
2023-08-25,4.940000057220459,171300.0,84.4800033569336
2023-08-28,4.96999979019165,93000.0,84.41999816894531
2023-08-29,5.050000190734863,181400.0,85.48999786376953
2023-08-30,4.880000114440918,231600.0,85.86000061035156
2023-08-31,4.889999866485596,150200.0,86.86000061035156
2023-09-01,4.860000133514404,171000.0,88.55000305175781
2023-09-05,4.900000095367432,149700.0,90.04000091552734
2023-09-06,5.070000171661377,143900.0,90.5999984741211
2023-09-07,5.239999771118164,243400.0,89.91999816894531
2023-09-08,5.300000190734863,159300.0,90.6500015258789
2023-09-11,5.099999904632568,298800.0,90.63999938964844
2023-09-12,5.269999980926514,199700.0,92.05999755859375
2023-09-13,5.300000190734863,287000.0,91.87999725341797
2023-09-14,5.460000038146973,204600.0,93.69999694824219
2023-09-15,5.480000019073486,111100.0,93.93000030517578
2023-09-18,5.670000076293945,308800.0,94.43000030517578
2023-09-19,5.699999809265137,746900.0,94.33999633789062
2023-09-20,5.460000038146973,225500.0,93.52999877929688
2023-09-21,5.369999885559082,242000.0,93.30000305175781
2023-09-22,5.53000020980835,174700.0,93.2699966430664
2023-09-25,5.590000152587891,195400.0,93.29000091552734
2023-09-26,5.539999961853027,152200.0,93.95999908447266
2023-09-27,5.53000020980835,733200.0,96.55000305175781
2023-09-28,5.369999885559082,295000.0,95.37999725341797
2023-09-29,5.489999771118164,184600.0,95.30999755859375
2023-10-02,5.630000114440918,580600.0,90.70999908447266
2023-10-03,5.590000152587891,353800.0,90.91999816894531
2023-10-04,5.550000190734863,238200.0,85.80999755859375
2023-10-05,5.75,299200.0,84.06999969482422
2023-10-06,5.909999847412109,553900.0,84.58000183105469
2023-10-09,5.96999979019165,238000.0,88.1500015258789
2023-10-10,5.670000076293945,237200.0,87.6500015258789
2023-10-11,5.78000020980835,254900.0,85.81999969482422
2023-10-12,5.599999904632568,272000.0,86.0
2023-10-13,5.869999885559082,498100.0,90.88999938964844
2023-10-16,5.809999942779541,140700.0,89.6500015258789
2023-10-17,6.090000152587891,347300.0,89.9000015258789
2023-10-18,5.829999923706055,165900.0,91.5
2023-10-19,5.670000076293945,288300.0,92.37999725341797
2023-10-20,5.760000228881836,198500.0,92.16000366210938
2023-10-23,5.539999961853027,766600.0,89.83000183105469
2023-10-24,5.409999847412109,425700.0,88.06999969482422
2023-10-25,5.289999961853027,327200.0,90.12999725341797
2023-10-26,5.179999828338623,393700.0,87.93000030517578
2023-10-27,5.059999942779541,128500.0,90.4800033569336
2023-10-30,4.940000057220459,245100.0,87.44999694824219
2023-10-31,5.010000228881836,143000.0,87.41000366210938
2023-11-01,4.800000190734863,175000.0,84.62999725341797
2023-11-02,5.010000228881836,237500.0,86.8499984741211
2023-11-03,5.150000095367432,132800.0,84.88999938964844
2023-11-06,5.269999980926514,100400.0,85.18000030517578
2023-11-07,5.199999809265137,75800.0,81.61000061035156
2023-11-08,5.400000095367432,273600.0,79.54000091552734
2023-11-09,5.800000190734863,442500.0,80.01000213623047
2023-11-10,5.699999809265137,62200.0,81.43000030517578
2023-11-13,5.949999809265137,413200.0,82.5199966430664
2023-11-14,5.929999828338623,122300.0,82.47000122070312
2023-11-15,6.150000095367432,301900.0,81.18000030517578
2023-11-16,6.440000057220459,449300.0,77.41999816894531
2023-11-17,6.420000076293945,87000.0,80.61000061035156
2023-11-20,6.420000076293945,129000.0,82.31999969482422
2023-11-21,6.550000190734863,252900.0,82.44999694824219
2023-11-22,6.619999885559082,111800.0,81.95999908447266
2023-11-24,7.519999980926514,870300.0,80.58000183105469
2023-11-27,7.769999980926514,442000.0,79.9800033569336
2023-11-28,7.800000190734863,325100.0,81.68000030517578
2023-11-29,8.710000038146973,570400.0,83.0999984741211
2023-11-30,9.329999923706055,840400.0,82.83000183105469
2023-12-01,10.039999961853027,928000.0,78.87999725341797
2023-12-04,9.34000015258789,1482400.0,78.02999877929688
2023-12-05,8.300000190734863,813100.0,77.19999694824219
2023-12-06,8.229999542236328,394800.0,74.30000305175781
2023-12-07,8.34000015258789,305500.0,74.05000305175781
2023-12-08,8.699999809265137,202600.0,75.83999633789062
2023-12-11,8.600000381469727,180000.0,76.02999877929688
2023-12-12,9.4399995803833,547900.0,73.23999786376953
2023-12-13,8.869999885559082,139300.0,74.26000213623047
2023-12-14,9.239999771118164,230100.0,76.61000061035156
2023-12-15,9.920000076293945,351300.0,76.55000305175781
2023-12-18,10.600000381469727,456000.0,77.94999694824219
2023-12-19,9.779999732971191,319300.0,79.2300033569336
2023-12-20,10.039999961853027,173900.0,79.69999694824219
2023-12-21,9.970000267028809,263200.0,79.38999938964844
2023-12-22,10.4399995803833,317500.0,79.06999969482422
2023-12-26,10.399999618530273,193000.0,81.06999969482422
2023-12-27,10.869999885559082,267300.0,79.6500015258789
2023-12-28,11.649999618530273,343500.0,78.38999938964844
2023-12-29,11.5600004196167,169000.0,77.04000091552734
2024-01-02,10.619999885559082,485700.0,75.88999938964844
2024-01-03,10.140000343322754,366400.0,78.25
2024-01-04,10.899999618530273,209500.0,77.58999633789062
2024-01-05,10.609999656677246,124400.0,78.76000213623047
2024-01-08,9.609999656677246,250800.0,76.12000274658203
2024-01-09,9.0,436400.0,77.58999633789062
2024-01-10,9.550000190734863,221800.0,76.80000305175781
2024-01-11,9.4399995803833,199600.0,77.41000366210938
2024-01-12,9.5,85800.0,78.29000091552734
2024-01-16,9.770000457763672,224900.0,78.29000091552734
2024-01-17,10.0600004196167,279900.0,77.87999725341797
2024-01-18,11.1899995803833,336700.0,79.0999984741211
2024-01-19,11.050000190734863,163800.0,78.55999755859375
2024-01-22,10.430000305175781,209200.0,80.05999755859375
2024-01-23,10.720000267028809,200100.0,79.55000305175781
2024-01-24,11.75,413200.0,80.04000091552734
2024-01-25,11.100000381469727,211900.0,82.43000030517578
2024-01-26,11.0600004196167,101400.0,83.55000305175781
2024-01-29,10.75,364300.0,82.4000015258789
2024-01-30,10.979999542236328,193900.0,82.87000274658203
2024-01-31,11.239999771118164,134900.0,81.70999908447266
2024-02-01,11.109999656677246,137800.0,78.69999694824219
2024-02-02,11.170000076293945,65500.0,77.33000183105469
2024-02-05,11.8100004196167,223000.0,77.98999786376953
2024-02-06,12.640000343322754,251500.0,78.58999633789062
2024-02-07,11.800000190734863,275300.0,79.20999908447266
2024-02-08,12.550000190734863,414900.0,81.62999725341797
2024-02-09,12.350000381469727,139100.0,82.19000244140625
2024-02-12,12.5,84600.0,82.0
2024-02-13,12.260000228881836,90200.0,82.7699966430664
2024-02-14,12.75,129600.0,81.5999984741211
2024-02-15,12.789999961853027,80500.0,82.86000061035156
2024-02-16,12.819999694824219,48300.0,83.47000122070312
2024-02-20,12.5,85400.0,82.33999633789062
2024-02-21,12.949999809265137,113400.0,83.02999877929688
2024-02-22,13.510000228881836,191600.0,83.66999816894531
2024-02-23,14.336999893188477,189500.0,81.62000274658203
2024-02-26,13.732999801635742,220300.0,82.52999877929688
2024-02-27,14.449999809265137,136200.0,83.6500015258789
2024-02-28,15.029999732971191,183100.0,83.68000030517578
2024-02-29,15.25,189600.0,83.62000274658203
2024-03-01,16.100000381469727,263700.0,83.55000305175781
2024-03-04,16.229999542236328,215900.0,82.80000305175781
2024-03-05,15.75,392400.0,82.04000091552734
2024-03-06,15.569999694824219,273300.0,82.95999908447266
2024-03-07,16.43000030517578,171400.0,82.95999908447266
2024-03-08,16.84000015258789,141000.0,82.08000183105469
2024-03-11,16.040000915527344,151600.0,82.20999908447266
2024-03-12,16.479999542236328,228800.0,81.91999816894531
2024-03-13,16.25,121700.0,84.02999877929688
2024-03-14,16.059999465942383,163000.0,85.41999816894531
2024-03-15,15.6899995803833,204500.0,85.33999633789062
2024-03-18,16.190000534057617,262300.0,86.88999938964844
2024-03-19,15.489999771118164,732100.0,87.37999725341797
2024-03-20,14.680000305175781,599700.0,85.94999694824219
2024-03-21,15.270000457763672,513800.0,85.77999877929688
2024-03-22,14.729999542236328,190400.0,85.43000030517578
2024-03-25,14.069999694824219,311400.0,86.75
2024-03-26,13.380000114440918,859000.0,86.25
2024-03-27,13.350000381469727,384400.0,86.08999633789062
2024-03-28,13.859999656677246,476300.0,87.4800033569336
2024-04-01,13.890000343322754,241700.0,87.41999816894531
2024-04-02,12.699999809265137,241800.0,88.91999816894531
2024-04-03,13.319999694824219,215900.0,89.3499984741211
2024-04-04,12.710000038146973,165400.0,90.6500015258789
2024-04-05,12.850000381469727,114400.0,91.16999816894531
2024-04-08,12.510000228881836,169800.0,90.37999725341797
2024-04-09,12.779999732971191,296500.0,89.41999816894531
2024-04-10,13.5,337900.0,90.4800033569336
2024-04-11,13.539999961853027,160200.0,89.73999786376953
2024-04-12,13.670000076293945,132200.0,90.44999694824219
2024-04-15,13.5600004196167,125800.0,90.0999984741211
2024-04-16,13.399999618530273,84200.0,90.0199966430664
2024-04-17,13.8100004196167,128500.0,87.29000091552734
2024-04-18,13.430000305175781,135300.0,87.11000061035156
2024-04-19,13.609999656677246,89200.0,87.29000091552734
2024-04-22,13.029999732971191,594900.0,87.0
2024-04-23,13.399999618530273,180500.0,88.41999816894531
2024-04-24,13.15999984741211,423400.0,88.0199966430664
2024-04-25,13.020000457763672,149800.0,89.01000213623047
2024-04-26,12.819999694824219,119300.0,89.5
2024-04-29,12.600000381469727,147700.0,88.4000015258789
2024-04-30,12.710000038146973,289000.0,87.86000061035156
2024-05-01,12.6899995803833,77900.0,83.44000244140625
2024-05-02,13.460000038146973,227000.0,83.66999816894531
2024-05-03,13.449999809265137,77900.0,82.95999908447266
2024-05-06,13.569999694824219,67500.0,83.33000183105469
2024-05-07,14.600000381469727,209500.0,83.16000366210938
2024-05-08,13.930000305175781,255300.0,83.58000183105469
2024-05-09,13.65999984741211,157700.0,83.87999725341797
2024-05-10,13.739999771118164,52400.0,82.79000091552734
2024-05-13,13.270000457763672,155500.0,83.36000061035156
2024-05-14,12.949999809265137,389200.0,82.37999725341797
2024-05-15,12.619999885559082,366800.0,82.75
2024-05-16,12.75,189200.0,83.2699966430664
2024-05-17,12.729999542236328,525700.0,83.9800033569336
2024-05-20,12.829999923706055,90100.0,83.70999908447266
2024-05-21,12.380000114440918,506700.0,82.87999725341797
2024-05-22,12.140000343322754,357600.0,81.9000015258789
2024-05-23,12.100000381469727,111500.0,81.36000061035156
2024-05-24,12.260000228881836,71200.0,82.12000274658203
2024-05-28,12.0,63000.0,84.22000122070312
2024-05-29,12.079999923706055,42200.0,83.5999984741211
2024-05-30,12.15999984741211,43200.0,81.86000061035156
2024-05-31,11.9399995803833,28800.0,81.62000274658203
2024-06-03,12.119999885559082,108900.0,78.36000061035156
2024-06-04,12.25,34700.0,77.5199966430664
2024-06-05,12.0600004196167,62000.0,78.41000366210938
2024-06-06,12.0600004196167,28300.0,79.87000274658203
2024-06-07,11.84000015258789,37800.0,79.62000274658203
2024-06-10,11.460000038146973,264000.0,81.62999725341797
2024-06-11,11.420000076293945,120700.0,81.91999816894531
2024-06-12,11.9399995803833,75400.0,82.5999984741211
2024-06-13,12.119999885559082,41500.0,82.75
2024-06-14,11.770000457763672,41500.0,82.62000274658203
2024-06-17,11.960000038146973,45800.0,84.25
2024-06-18,11.869999885559082,36900.0,85.33000183105469
2024-06-20,11.920000076293945,46900.0,85.70999908447266
2024-06-21,11.779999732971191,19500.0,85.23999786376953
2024-06-24,11.4399995803833,76200.0,86.01000213623047
2024-06-25,11.399999618530273,26200.0,85.01000213623047
2024-06-26,11.800000190734863,61900.0,85.25
2024-06-27,11.920000076293945,84000.0,86.38999938964844
2024-06-28,12.239999771118164,76400.0,86.41000366210938
2024-07-01,12.5,125600.0,86.5999984741211
2024-07-02,11.859999656677246,81500.0,86.23999786376953
2024-07-03,12.0,27700.0,87.33999633789062
2024-07-05,11.329999923706055,37800.0,86.54000091552734
2024-07-08,11.520000457763672,54900.0,85.75
2024-07-09,11.65999984741211,19100.0,84.66000366210938
2024-07-10,11.979999542236328,44300.0,85.08000183105469
2024-07-11,11.9399995803833,20400.0,85.4000015258789
2024-07-12,12.079999923706055,19200.0,85.02999877929688
2024-07-15,11.720000267028809,60900.0,84.8499984741211
2024-07-16,11.600000381469727,23400.0,83.7300033569336
2024-07-17,11.6899995803833,39900.0,85.08000183105469
2024-07-18,11.800000190734863,34100.0,85.11000061035156
2024-07-19,11.760000228881836,26300.0,82.62999725341797
2024-07-22,11.770000457763672,35200.0,82.4000015258789
2024-07-23,11.489999771118164,28800.0,81.01000213623047
2024-07-24,11.640000343322754,19100.0,81.70999908447266
2024-07-25,11.359999656677246,23200.0,82.37000274658203
2024-07-26,11.0600004196167,105500.0,81.12999725341797
2024-07-29,11.229999542236328,39500.0,79.77999877929688
2024-07-30,10.829999923706055,58500.0,78.62999725341797
2024-07-31,10.720000267028809,10900.0,80.72000122070312
2024-08-01,10.890000343322754,164100.0,79.5199966430664
2024-08-02,10.9399995803833,347100.0,76.80999755859375
2024-08-05,10.770000457763672,47400.0,76.30000305175781
2024-08-06,10.979999542236328,14700.0,76.4800033569336
2024-08-07,10.770000457763672,37000.0,78.33000183105469
2024-08-08,10.899999618530273,5900.0,79.16000366210938
2024-08-09,10.710000038146973,7000.0,79.66000366210938
2024-08-12,10.579999923706055,14800.0,82.30000305175781
2024-08-13,10.829999923706055,28600.0,80.69000244140625
2024-08-14,10.899999618530273,11300.0,79.76000213623047
2024-08-15,10.770000457763672,15700.0,81.04000091552734
2024-08-16,10.6899995803833,23100.0,79.68000030517578
2024-08-19,10.449999809265137,24400.0,77.66000366210938
2024-08-20,10.6899995803833,12100.0,77.19999694824219
2024-08-21,10.800000190734863,22000.0,76.05000305175781
2024-08-22,10.592000007629395,4200.0,77.22000122070312
2024-08-23,10.40999984741211,10100.0,79.0199966430664
2024-08-26,10.65999984741211,11700.0,81.43000030517578
2024-08-27,10.6899995803833,13900.0,79.55000305175781
2024-08-28,10.694999694824219,8800.0,78.6500015258789
2024-08-29,11.140000343322754,15900.0,79.94000244140625
2024-08-30,11.109999656677246,16600.0,78.80000305175781
2024-09-03,10.5,19700.0,73.75
2024-09-04,10.619999885559082,36300.0,72.69999694824219
2024-09-05,10.739999771118164,23900.0,72.69000244140625
2024-09-06,10.739999771118164,20500.0,71.05999755859375
2024-09-09,10.569999694824219,8900.0,71.83999633789062
2024-09-10,10.5600004196167,5500.0,69.19000244140625
2024-09-11,10.75,20000.0,70.61000061035156
2024-09-12,10.619999885559082,7200.0,71.97000122070312
2024-09-13,10.270000457763672,18900.0,71.61000061035156
2024-09-16,10.369999885559082,3800.0,72.75
2024-09-17,10.350000381469727,7800.0,73.69999694824219
2024-09-18,10.680000305175781,29200.0,73.6500015258789
2024-09-19,10.569999694824219,24200.0,74.87999725341797
2024-09-20,10.399999618530273,2900.0,74.48999786376953
2024-09-23,10.619999885559082,24000.0,73.9000015258789
2024-09-24,10.739999771118164,30100.0,75.16999816894531
2024-09-25,10.649999618530273,28400.0,73.45999908447266
2024-09-26,10.720000267028809,41800.0,71.5999984741211
2024-09-27,10.449999809265137,27000.0,71.9800033569336
2024-09-30,10.739999771118164,48900.0,71.7699966430664
2024-10-01,10.1899995803833,252800.0,73.55999755859375
2024-10-02,10.079999923706055,34400.0,73.9000015258789
2024-10-03,10.350000381469727,60600.0,77.62000274658203
2024-10-04,10.260000228881836,14100.0,78.05000305175781
2024-10-07,10.220000267028809,16900.0,80.93000030517578
2024-10-08,9.789999961853027,51600.0,77.18000030517578
2024-10-09,9.329999923706055,107200.0,76.58000183105469
2024-10-10,9.539999961853027,147700.0,79.4000015258789
2024-10-11,9.40999984741211,16900.0,79.04000091552734
2024-10-14,9.039999961853027,25200.0,77.45999908447266
2024-10-15,8.520000457763672,57600.0,74.25
2024-10-16,8.100000381469727,80000.0,74.22000122070312
2024-10-17,8.420000076293945,254000.0,74.44999694824219
2024-10-18,8.220000267028809,20600.0,73.05999755859375
2024-10-21,7.929999828338623,286600.0,74.29000091552734
2024-10-22,7.929999828338623,66400.0,76.04000091552734
2024-10-23,8.0600004196167,30200.0,74.95999908447266
2024-10-24,7.929999828338623,49100.0,74.37999725341797
2024-10-25,7.809999942779541,29800.0,76.05000305175781
2024-10-28,7.53000020980835,38200.0,71.41999816894531
2024-10-29,7.869999885559082,32400.0,71.12000274658203
2024-10-30,7.480000019073486,74900.0,72.55000305175781
2024-10-31,7.480000019073486,66600.0,73.16000366210938
2024-11-01,7.46999979019165,23400.0,73.0999984741211
2024-11-04,7.78000020980835,46000.0,75.08000183105469
2024-11-05,7.849999904632568,68200.0,75.52999877929688
2024-11-06,7.650000095367432,33800.0,74.91999816894531
2024-11-07,7.889999866485596,32600.0,75.62999725341797
2024-11-08,8.149999618530273,49700.0,73.87000274658203
2024-11-11,8.460000038146973,97200.0,71.83000183105469
2024-11-12,8.300000190734863,132400.0,71.88999938964844
2024-11-13,8.489999771118164,25800.0,72.27999877929688
2024-11-14,8.449999809265137,44000.0,72.55999755859375
2024-11-15,8.5,38100.0,71.04000091552734
2024-11-18,7.989999771118164,149100.0,73.30000305175781
2024-11-19,7.800000190734863,102400.0,73.30999755859375
2024-11-20,7.664000034332275,28600.0,72.80999755859375
2024-11-21,7.5,77500.0,74.2300033569336
2024-11-22,7.230000019073486,359200.0,75.16999816894531
2024-11-25,7.451000213623047,72800.0,73.01000213623047
2024-11-26,7.409999847412109,31900.0,72.80999755859375
2024-11-27,6.800000190734863,428300.0,72.83000183105469
2024-11-29,6.650000095367432,205700.0,72.94000244140625
2024-12-02,6.349999904632568,214500.0,71.83000183105469
2024-12-03,6.349999904632568,192300.0,73.62000274658203
2024-12-04,6.440000057220459,195600.0,72.30999755859375
2024-12-05,6.619999885559082,120900.0,72.08999633789062
2024-12-06,6.489999771118164,58400.0,71.12000274658203
2024-12-09,6.199999809265137,266200.0,72.13999938964844
2024-12-10,6.019999980926514,101500.0,72.19000244140625
2024-12-11,5.710000038146973,484200.0,73.5199966430664
2024-12-12,5.900000095367432,520800.0,73.41000366210938
2024-12-13,6.099999904632568,149400.0,74.48999786376953
2024-12-16,6.070000171661377,161500.0,73.91000366210938
2024-12-17,5.849999904632568,211300.0,73.19000244140625
2024-12-18,6.059999942779541,89800.0,73.38999938964844
2024-12-19,6.010000228881836,56400.0,72.87999725341797
2024-12-20,6.21999979019165,103200.0,72.94000244140625
2024-12-23,6.25,121800.0,72.62999725341797
2024-12-24,6.130000114440918,77300.0,73.58000183105469
2024-12-26,6.065000057220459,72900.0,73.26000213623047
2024-12-27,6.099999904632568,37000.0,74.16999816894531
2024-12-30,5.920000076293945,71700.0,74.38999938964844
2024-12-31,6.079999923706055,32600.0,74.63999938964844
2025-01-02,6.25,44200.0,75.93000030517578
2025-01-03,6.260000228881836,123000.0,76.51000213623047
2025-01-06,5.820000171661377,393300.0,76.30000305175781
2025-01-07,5.630000114440918,380100.0,77.05000305175781
2025-01-08,5.550000190734863,181500.0,76.16000366210938
2025-01-10,6.699999809265137,173700.0,79.76000213623047
2025-01-13,5.840000152587891,247900.0,81.01000213623047
2025-01-14,6.130000114440918,132700.0,79.91999816894531
2025-01-15,5.889999866485596,161000.0,82.02999877929688
2025-01-16,5.730000019073486,102500.0,81.29000091552734
2025-01-17,5.71999979019165,99700.0,80.79000091552734
2025-01-21,5.610000133514404,329800.0,79.29000091552734
2025-01-22,5.28000020980835,727000.0,79.0
2025-01-23,5.139999866485596,420600.0,78.29000091552734
2025-01-24,5.139999866485596,659200.0,78.5
2025-01-27,5.320000171661377,351400.0,77.08000183105469
2025-01-28,5.28000020980835,354300.0,77.48999786376953
2025-01-29,5.320000171661377,421400.0,76.58000183105469
2025-01-30,5.489999771118164,490800.0,76.87000274658203
2025-01-31,5.769999980926514,388200.0,76.76000213623047
2025-02-03,5.46999979019165,265500.0,75.95999908447266
2025-02-04,5.869999885559082,210300.0,76.19999694824219
2025-02-05,5.989999771118164,177900.0,74.61000061035156
2025-02-06,5.800000190734863,198300.0,74.29000091552734
2025-02-07,5.860000133514404,103200.0,74.66000366210938
2025-02-10,5.78000020980835,131500.0,75.87000274658203
2025-02-11,5.679999828338623,194000.0,77.0
2025-02-12,5.510000228881836,359700.0,75.18000030517578
2025-02-13,5.5,237100.0,75.0199966430664
2025-02-14,5.639999866485596,174000.0,74.73999786376953
2025-02-18,6.079999923706055,434800.0,75.83999633789062
2025-02-19,5.989999771118164,313700.0,76.04000091552734
2025-02-20,6.449999809265137,504900.0,76.4800033569336
2025-02-21,6.320000171661377,229100.0,74.43000030517578
2025-02-24,6.090000152587891,304100.0,74.77999877929688
2025-02-25,6.260000228881836,166700.0,73.0199966430664
2025-02-26,6.400000095367432,332500.0,72.52999877929688
2025-02-27,6.170000076293945,117300.0,74.04000091552734
2025-02-28,6.400000095367432,110000.0,73.18000030517578
2025-03-03,6.150000095367432,118100.0,71.62000274658203
2025-03-04,6.0,168600.0,71.04000091552734
2025-03-05,6.289999961853027,340500.0,69.30000305175781
2025-03-06,6.5,172400.0,69.45999908447266
2025-03-07,6.570000171661377,148800.0,70.36000061035156
2025-03-10,6.550000190734863,282000.0,69.27999877929688
2025-03-11,6.679999828338623,194300.0,69.55999755859375
2025-03-12,7.139999866485596,435700.0,70.94999694824219
2025-03-13,6.849999904632568,178300.0,69.87999725341797
2025-03-14,6.949999809265137,117300.0,70.58000183105469
2025-03-17,6.860000133514404,200900.0,71.06999969482422
2025-03-18,6.730000019073486,385300.0,70.55999755859375
2025-03-19,6.5,158600.0,70.77999877929688
2025-03-20,6.775000095367432,111000.0,72.0
2025-03-21,6.909999847412109,125300.0,72.16000366210938
2025-03-24,6.75,91000.0,73.0
2025-03-25,6.510000228881836,156500.0,73.0199966430664
2025-03-26,6.400000095367432,112400.0,73.79000091552734
2025-03-27,6.349999904632568,73900.0,74.02999877929688
2025-03-28,6.360000133514404,158100.0,73.62999725341797
2025-03-31,6.25,107000.0,74.73999786376953
2025-04-01,6.5,69300.0,74.48999786376953
2025-04-02,6.369999885559082,66900.0,74.94999694824219
2025-04-03,6.019999980926514,419500.0,70.13999938964844
2025-04-04,5.619999885559082,611800.0,65.58000183105469
2025-04-07,5.380000114440918,592500.0,64.20999908447266
2025-04-08,5.360000133514404,245500.0,62.81999969482422
2025-04-09,5.329999923706055,435900.0,65.4800033569336
2025-04-10,5.599999904632568,284600.0,63.33000183105469
2025-04-11,5.630000114440918,83200.0,64.76000213623047
2025-04-14,5.75,220800.0,64.87999725341797
2025-04-15,5.690000057220459,57700.0,64.66999816894531
2025-04-16,5.71999979019165,182100.0,65.8499984741211
2025-04-17,5.739999771118164,36700.0,67.95999908447266
2025-04-21,5.730000019073486,76000.0,66.26000213623047
2025-04-22,5.599999904632568,78600.0,67.44000244140625
2025-04-23,5.880000114440918,174800.0,66.12000274658203
2025-04-24,5.829999923706055,43100.0,66.55000305175781
2025-04-25,5.920000076293945,116000.0,66.87000274658203
2025-04-28,5.78000020980835,73600.0,65.86000061035156
2025-04-29,5.570000171661377,87600.0,64.25
2025-04-30,5.764999866485596,35000.0,63.119998931884766
2025-05-01,5.949999809265137,67300.0,62.130001068115234
2025-05-02,5.840000152587891,107100.0,61.290000915527344
2025-05-05,5.914000034332275,25900.0,60.22999954223633
2025-05-06,5.619999885559082,66000.0,62.150001525878906
2025-05-07,5.619999885559082,20100.0,61.119998931884766
2025-05-08,5.420000076293945,250500.0,62.84000015258789
2025-05-09,5.429999828338623,137000.0,63.90999984741211
2025-05-12,5.539999961853027,237900.0,64.95999908447266
2025-05-13,5.300000190734863,414300.0,66.62999725341797
2025-05-14,5.460000038146973,126400.0,66.08999633789062
2025-05-15,5.550000190734863,107700.0,64.52999877929688
2025-05-16,5.504000186920166,86900.0,65.41000366210938
2025-05-19,5.309999942779541,286600.0,65.54000091552734
2025-05-20,5.360000133514404,31200.0,65.37999725341797
2025-05-21,5.340000152587891,96100.0,64.91000366210938
2025-05-22,5.210000038146973,145800.0,64.44000244140625
2025-05-23,5.150000095367432,112100.0,64.77999877929688
2025-05-27,5.150000095367432,217800.0,64.08999633789062
2025-05-28,5.166999816894531,79400.0,64.9000015258789
2025-05-29,5.190000057220459,170700.0,64.1500015258789
2025-05-30,5.190000057220459,53500.0,63.900001525878906
2025-06-02,5.099999904632568,45500.0,64.62999725341797
2025-06-03,5.199999809265137,92800.0,65.62999725341797
2025-06-04,5.420000076293945,100000.0,64.86000061035156
2025-06-05,5.489999771118164,100600.0,65.33999633789062
2025-06-06,5.409999847412109,167100.0,66.47000122070312
2025-06-09,5.372000217437744,34500.0,67.04000091552734
2025-06-10,5.519999980926514,200100.0,66.87000274658203
2025-06-11,5.650000095367432,149100.0,69.7699966430664
2025-06-12,5.730000019073486,57400.0,69.36000061035156
2025-06-13,5.869999885559082,225300.0,74.2300033569336
2025-06-16,5.679999828338623,266200.0,73.2300033569336
2025-06-17,5.630000114440918,108200.0,76.44999694824219
2025-06-18,5.619999885559082,45300.0,76.69999694824219
2025-06-20,5.730000019073486,80700.0,77.01000213623047
2025-06-23,5.78000020980835,181900.0,71.4800033569336
2025-06-24,5.735000133514404,97100.0,67.13999938964844
2025-06-25,5.800000190734863,104100.0,67.68000030517578
2025-06-26,5.659999847412109,42900.0,67.7300033569336
2025-06-27,5.584000110626221,97300.0,67.7699966430664
2025-06-30,5.550000190734863,138900.0,67.61000061035156
2025-07-01,5.630000114440918,137800.0,67.11000061035156
2025-07-02,5.769999980926514,166200.0,69.11000061035156
2025-07-03,5.929999828338623,96700.0,68.80000305175781
2025-07-07,6.070000171661377,245000.0,69.58000183105469
2025-07-08,6.179999828338623,187200.0,70.1500015258789
2025-07-09,6.25,70300.0,70.19000244140625
2025-07-10,6.659999847412109,2067500.0,68.63999938964844
2025-07-11,7.090000152587891,1083700.0,70.36000061035156
2025-07-14,7.260000228881836,203800.0,69.20999908447266
2025-07-15,6.78000020980835,270300.0,68.70999908447266
2025-07-16,7.25,370300.0,68.5199966430664
2025-07-17,7.610000133514404,418800.0,69.5199966430664
2025-07-18,7.400000095367432,602300.0,69.27999877929688
2025-07-21,7.349999904632568,355000.0,69.20999908447266
2025-07-22,7.670000076293945,655500.0,68.58999633789062
2025-07-23,7.519999980926514,264900.0,68.51000213623047
2025-07-24,7.420000076293945,129500.0,69.18000030517578
2025-07-25,7.150000095367432,135100.0,68.44000244140625
2025-07-28,7.245999813079834,34500.0,70.04000091552734
2025-07-29,6.940000057220459,160200.0,72.51000213623047
2025-07-30,7.019999980926514,73700.0,73.23999786376953
2025-07-31,7.400000095367432,85200.0,72.52999877929688
2025-08-01,7.460000038146973,148500.0,69.66999816894531
2025-08-04,7.309999942779541,54500.0,68.76000213623047
2025-08-05,7.769999980926514,215900.0,67.63999938964844
2025-08-06,7.730000019073486,98200.0,66.88999938964844
2025-08-07,7.75,133400.0,66.43000030517578
2025-08-08,7.800000190734863,81200.0,66.58999633789062
2025-08-11,7.900000095367432,108500.0,66.62999725341797
2025-08-12,8.020000457763672,106800.0,66.12000274658203
2025-08-13,8.166999816894531,489200.0,65.62999725341797
2025-08-14,8.130000114440918,334400.0,66.83999633789062
2025-08-15,8.020000457763672,174700.0,65.8499984741211
2025-08-18,8.079999923706055,214100.0,66.5999984741211
2025-08-19,7.7729997634887695,350500.0,65.79000091552734
2025-08-20,8.039999961853027,72400.0,66.83999633789062
2025-08-21,8.15999984741211,234700.0,67.66999816894531
2025-08-22,8.40999984741211,159300.0,67.7300033569336
2025-08-25,8.5,126300.0,68.80000305175781
2025-08-26,8.600000381469727,115100.0,67.22000122070312
2025-08-27,8.300000190734863,87000.0,68.05000305175781
2025-08-28,8.350000381469727,92200.0,68.62000274658203
2025-08-29,8.369999885559082,687800.0,68.12000274658203
2025-09-02,8.020000457763672,1075800.0,69.13999938964844
2025-09-03,8.140000343322754,839900.0,67.5999984741211
2025-09-04,8.062999725341797,523800.0,66.98999786376953
2025-09-05,8.039999961853027,74400.0,65.5
2025-09-08,8.149999618530273,294200.0,66.0199966430664
2025-09-09,8.390000343322754,285800.0,66.38999938964844
2025-09-10,8.220000267028809,187900.0,67.48999786376953
2025-09-11,8.114999771118164,119300.0,66.37000274658203
2025-09-12,8.100000381469727,1149300.0,66.98999786376953
2025-09-15,8.210000038146973,192600.0,67.44000244140625
2025-09-16,8.039999961853027,109300.0,68.47000122070312
2025-09-17,8.140000343322754,70500.0,67.94999694824219
2025-09-18,8.199999809265137,106700.0,67.44000244140625
2025-09-19,8.15999984741211,60300.0,66.68000030517578
2025-09-22,8.0600004196167,70100.0,66.56999969482422
2025-09-23,8.25,227500.0,67.62999725341797
2025-09-24,8.380000114440918,241900.0,69.30999755859375
2025-09-25,8.199999809265137,62800.0,69.41999816894531
2025-09-26,8.050000190734863,75100.0,70.12999725341797
2025-09-29,7.769999980926514,275700.0,67.97000122070312
2025-09-30,7.510000228881836,249400.0,67.0199966430664
2025-10-01,7.579999923706055,163200.0,65.3499984741211
2025-10-02,7.78000020980835,53200.0,64.11000061035156
2025-10-03,7.71999979019165,45300.0,64.52999877929688
2025-10-06,7.866000175476074,45300.0,65.47000122070312
2025-10-07,8.0,40500.0,65.44999694824219
2025-10-08,7.599999904632568,83100.0,66.25
2025-10-09,7.699999809265137,71900.0,65.22000122070312
2025-10-10,8.180000305175781,354300.0,62.72999954223633
2025-10-13,8.640000343322754,303100.0,63.31999969482422
2025-10-14,8.199999809265137,83800.0,62.38999938964844
2025-10-15,8.520000457763672,46000.0,61.90999984741211
2025-10-16,8.329999923706055,37700.0,61.060001373291016
2025-10-17,8.15999984741211,25800.0,61.290000915527344
2025-10-20,8.239999771118164,14700.0,61.0099983215332
2025-10-21,8.380000114440918,55400.0,61.31999969482422
2025-10-22,8.229999542236328,44500.0,62.59000015258789
2025-10-23,7.820000171661377,69400.0,65.98999786376953
2025-10-24,7.849999904632568,17300.0,65.94000244140625
2025-10-27,7.96999979019165,38400.0,65.62000274658203
2025-10-28,7.953000068664551,15300.0,64.4000015258789
2025-10-29,8.199999809265137,29700.0,64.91999816894531
2025-10-30,8.25,56900.0,65.0
2025-10-31,8.100000381469727,16300.0,65.06999969482422
2025-11-03,7.920000076293945,43700.0,64.88999938964844
2025-11-04,8.180000305175781,107200.0,64.44000244140625
2025-11-05,8.300000190734863,49400.0,63.52000045776367
2025-11-06,8.5,79600.0,63.380001068115234
2025-11-07,8.350000381469727,40100.0,63.630001068115234
2025-11-10,8.369999885559082,12200.0,64.05999755859375
2025-11-11,8.420000076293945,23000.0,65.16000366210938
2025-11-12,8.479999542236328,27200.0,62.709999084472656
2025-11-13,8.699999809265137,60300.0,63.0099983215332
2025-11-14,8.600000381469727,23300.0,64.38999938964844
2025-11-17,8.800000190734863,110900.0,64.19999694824219
2025-11-18,8.989999771118164,84400.0,64.88999938964844
2025-11-19,8.899999618530273,41300.0,63.5099983215332
2025-11-20,8.920000076293945,52300.0,63.380001068115234
2025-11-21,8.949999809265137,34600.0,62.560001373291016
2025-11-24,9.1899995803833,47300.0,63.369998931884766
2025-11-25,9.229999542236328,61800.0,62.47999954223633
2025-11-26,9.199999809265137,74300.0,63.130001068115234
2025-11-28,8.770000457763672,155100.0,63.20000076293945
2025-12-01,9.34000015258789,199700.0,63.16999816894531
2025-12-02,9.25,124500.0,62.45000076293945
2025-12-03,9.300000190734863,78800.0,62.66999816894531
2025-12-04,9.270000457763672,29900.0,63.2599983215332
2025-12-05,9.0,67300.0,63.75
2025-12-08,9.25,46600.0,62.4900016784668
2025-12-09,8.829999923706055,144500.0,61.939998626708984
2025-12-10,9.012999534606934,106400.0,62.209999084472656
2025-12-11,8.84000015258789,87500.0,61.279998779296875
2025-12-12,8.680000305175781,70400.0,61.119998931884766
2025-12-15,8.920000076293945,43600.0,60.560001373291016
2025-12-16,8.770000457763672,16000.0,58.91999816894531
2025-12-17,8.420000076293945,129300.0,59.68000030517578
2025-12-18,8.656000137329102,25200.0,59.81999969482422
2025-12-19,8.699999809265137,18000.0,60.470001220703125
2025-12-22,8.880000114440918,96300.0,62.06999969482422
2025-12-23,8.739999771118164,14000.0,62.380001068115234
2025-12-24,8.770000457763672,19100.0,62.2400016784668
2025-12-26,8.75,33100.0,60.63999938964844
2025-12-29,8.739999771118164,9700.0,61.939998626708984
2025-12-30,8.680000305175781,12100.0,61.91999816894531
2025-12-31,8.770000457763672,77900.0,60.849998474121094
2026-01-02,8.460000038146973,30700.0,60.75
2026-01-05,8.720000267028809,22400.0,61.7599983215332
2026-01-06,8.8100004196167,21500.0,60.70000076293945
2026-01-07,8.789999961853027,18600.0,59.959999084472656
2026-01-08,9.140000343322754,19200.0,61.9900016784668
2026-01-09,8.850000381469727,18400.0,63.34000015258789
2026-01-12,8.729999542236328,39600.0,63.869998931884766
2026-01-13,8.720999717712402,8700.0,65.47000122070312
2026-01-14,9.039999961853027,42200.0,66.5199966430664
2026-01-15,9.479999542236328,63600.0,63.7599983215332
2026-01-16,9.800000190734863,108200.0,64.12999725341797
2026-01-20,10.239999771118164,119400.0,64.91999816894531
2026-01-21,10.069999694824219,68800.0,65.23999786376953
2026-01-22,10.0,51200.0,64.05999755859375
2026-01-23,10.359999656677246,26000.0,65.87999725341797
2026-01-26,10.979999542236328,127700.0,65.58999633789062
2026-01-27,11.260000228881836,86400.0,67.56999969482422
2026-01-28,11.010000228881836,59500.0,68.4000015258789
2026-01-29,11.479999542236328,82800.0,70.70999908447266
2026-01-30,11.529999732971191,84100.0,70.69000244140625
2026-02-02,11.199999809265137,184000.0,66.30000305175781
2026-02-03,10.550000190734863,125600.0,67.33000183105469
2026-02-04,10.850000381469727,30100.0,69.45999908447266
2026-02-05,10.710000038146973,32200.0,67.55000305175781
2026-02-06,10.649999618530273,22900.0,68.05000305175781
2026-02-09,10.949999809265137,128900.0,69.04000091552734
2026-02-10,11.180000305175781,135500.0,68.80000305175781
2026-02-11,11.4399995803833,64400.0,69.4000015258789
2026-02-12,11.300000190734863,44000.0,67.5199966430664
2026-02-13,11.489999771118164,29500.0,67.75
2026-02-17,11.680000305175781,110900.0,67.41999816894531
2026-02-18,11.760000228881836,85800.0,70.3499984741211
2026-02-19,11.65999984741211,55900.0,71.66000366210938
2026-02-20,11.729999542236328,89300.0,71.76000213623047
2026-02-23,11.770000457763672,90500.0,71.48999786376953
2026-02-24,11.869999885559082,79200.0,70.7699966430664
2026-02-25,11.680000305175781,74800.0,70.8499984741211
2026-02-26,11.90999984741211,52200.0,70.75
2026-02-27,12.069999694824219,61500.0,72.4800033569336
2026-03-02,12.220000267028809,306200.0,77.73999786376953
2026-03-03,12.5,207500.0,81.4000015258789
2026-03-04,11.90999984741211,1277700.0,81.4000015258789
2026-03-05,11.520000457763672,631100.0,85.41000366210938
2026-03-06,10.460000038146973,1109400.0,92.69000244140625
2026-03-09,10.260000228881836,1267400.0,98.95999908447266
2026-03-10,10.229999542236328,203900.0,87.80000305175781
2026-03-11,10.699999809265137,245800.0,91.9800033569336
2026-03-12,10.399999618530273,76300.0,100.45999908447266
2026-03-13,10.489999771118164,217400.0,103.13999938964844
2026-03-16,10.670000076293945,140400.0,100.20999908447266
2026-03-17,10.430000305175781,86900.0,103.41999816894531
2026-03-18,10.699999809265137,56800.0,107.37999725341797
2026-03-19,10.020000457763672,104800.0,108.6500015258789
2026-03-20,10.010000228881836,164200.0,112.19000244140625
2026-03-23,9.989999771118164,79200.0,99.94000244140625
2026-03-24,9.800000190734863,266400.0,104.48999786376953
2026-03-25,10.0,50700.0,102.22000122070312
2026-03-26,10.0,34200.0,108.01000213623047
2026-03-27,9.930000305175781,71800.0,112.56999969482422
2026-03-30,9.9399995803833,167900.0,112.77999877929688
2026-03-31,9.970000267028809,60200.0,118.3499984741211
2026-04-01,10.324999809265137,29400.0,101.16000366210938
2026-04-02,10.449999809265137,29300.0,109.02999877929688
2026-04-06,9.9399995803833,192300.0,109.7699966430664
2026-04-07,10.4399995803833,35900.0,109.2699966430664
2026-04-08,10.600000381469727,43900.0,94.75
2026-04-09,10.300000190734863,17000.0,95.91999816894531
2026-04-10,10.699999809265137,22900.0,95.19999694824219
2026-04-13,11.0600004196167,94300.0,99.36000061035156
2026-04-14,11.420000076293945,53800.0,94.79000091552734
2026-04-15,11.399999618530273,95700.0,94.93000030517578
2026-04-16,11.130000114440918,23100.0,99.38999938964844
2026-04-17,11.4399995803833,604500.0,90.37999725341797
2026-04-20,11.303999900817871,20600.0,95.4800033569336
2026-04-21,11.350000381469727,27400.0,98.4800033569336
2026-04-22,11.399999618530273,34600.0,101.91000366210938
2026-04-23,11.34000015258789,20900.0,105.06999969482422
2026-04-24,10.899999618530273,54900.0,105.33000183105469
2026-04-27,11.270000457763672,28200.0,108.2300033569336
2026-04-28,11.449999809265137,26400.0,111.26000213623047
2026-04-29,11.850000381469727,514900.0,118.02999877929688
2026-04-30,11.720000267028809,126300.0,114.01000213623047
2026-05-01,11.729999542236328,24600.0,108.16999816894531
2026-05-04,11.789999961853027,81000.0,114.44000244140625
2026-05-05,12.180000305175781,104500.0,109.87000274658203
2026-05-06,12.109999656677246,129400.0,101.2699966430664
2026-05-07,12.100000381469727,217500.0,100.05999755859375
2026-05-08,12.105999946594238,36900.0,101.29000091552734
2026-05-11,12.649999618530273,72900.0,104.20999908447266
2026-05-12,13.289999961853027,123500.0,107.7699966430664
2026-05-13,13.329999923706055,182100.0,105.62999725341797
2026-05-14,12.949999809265137,20900.0,105.72000122070312
2026-05-15,13.180000305175781,95600.0,109.26000213623047
2026-05-18,12.850000381469727,71400.0,112.0999984741211
2026-05-19,12.649999618530273,50800.0,111.27999877929688
2026-05-20,12.109999656677246,109800.0,105.0199966430664
2026-05-21,12.5,53400.0,102.58000183105469
2026-05-22,12.675000190734863,44300.0,103.54000091552734
2026-05-26,12.880000114440918,112000.0,99.58000183105469
2026-05-27,12.875,39500.0,94.29000091552734
2026-05-28,13.149999618530273,86000.0,93.70999908447266
2026-05-29,12.9399995803833,67600.0,92.05000305175781
2026-06-01,13.03499984741211,59500.0,94.9800033569336
2026-06-02,12.9399995803833,194800.0,96.0
2026-06-03,12.619999885559082,52200.0,97.80999755859375
2026-06-04,12.65999984741211,57200.0,95.02999877929688
2026-06-05,12.699999809265137,22800.0,93.08999633789062
2026-06-08,12.369999885559082,194900.0,94.25
2026-06-09,12.369999885559082,25800.0,91.44999694824219
2026-06-10,12.5,103100.0,93.0999984741211
2026-06-11,12.520000457763672,26900.0,90.37999725341797
2026-06-12,12.319999694824219,46900.0,87.33000183105469
2026-06-15,11.989999771118164,201100.0,83.16999816894531
2026-06-16,12.130000114440918,56600.0,78.95999908447266
2026-06-17,11.880000114440918,20100.0,79.55000305175781
2026-06-18,11.569999694824219,101000.0,79.8499984741211
2026-06-22,11.579999923706055,42400.0,77.9000015258789
2026-06-23,11.770000457763672,42400.0,77.08000183105469
2026-06-24,11.699999809265137,33100.0,73.73999786376953
2026-06-25,11.399999618530273,71700.0,75.26000213623047
2026-06-26,11.270000457763672,29000.0,71.98999786376953
2026-06-29,11.630000114440918,28400.0,73.1500015258789
2026-06-30,11.869999885559082,120000.0,72.91999816894531
2026-07-01,12.052000045776367,6600.0,71.56999969482422
2026-07-02,12.270000457763672,46200.0,71.80000305175781
2026-07-06,12.960000038146973,97700.0,71.98999786376953
2026-07-07,12.760000228881836,24800.0,74.16000366210938
2026-07-08,12.835000038146973,14300.0,78.0199966430664
2026-07-09,12.949999809265137,33400.0,76.30000305175781
2026-07-10,12.890000343322754,7500.0,76.01000213623047
2026-07-13,13.329999923706055,138300.0,83.30000305175781
2026-07-14,13.100000381469727,18000.0,84.7300033569336
2026-07-15,12.84000015258789,30900.0,84.94999694824219
2026-07-16,12.649999618530273,21000.0,84.2300033569336
2026-07-17,12.65999984741211,13000.0,88.0999984741211
2026-07-20,12.1899995803833,169500.0,89.22000122070312
2026-07-21,12.619999885559082,23700.0,91.01000213623047
2026-07-22,12.510000228881836,8700.0,94.06999969482422
2026-07-23,12.680000305175781,26900.0,100.69000244140625
2026-07-24,12.569999694824219,6700.0,96.77999877929688
2026-07-27,12.380000114440918,6300.0,88.36000061035156
2026-07-28,12.609999656677246,19400.0,84.08999633789062
2026-07-29,12.779999732971191,8500.0,90.73999786376953
2026-07-30,13.359999656677246,36700.0,89.02999877929688
2026-07-31,13.420000076293945,11400.0,90.12000274658203
2026-08-03,13.949999809265137,39500.0,83.7699966430664
2026-08-04,13.90999984741211,53700.0,79.36000061035156
2026-08-05,13.970000267028809,66600.0,79.44999694824219
2026-08-06,13.9399995803833,10300.0,82.48999786376953
2026-08-07,13.760000228881836,15100.0,83.55000305175781
2026-08-10,13.800000190734863,106200.0,87.72000122070312
2026-08-11,13.789999961853027,16300.0,88.91000366210938
2026-08-12,13.670000076293945,17300.0,88.9800033569336
2026-08-13,13.890000343322754,19300.0,87.06999969482422
2026-08-14,14.286999702453613,20800.0,88.5199966430664
2026-08-17,14.0,28200.0,90.87000274658203
2026-08-18,13.819999694824219,17100.0,91.0199966430664
2026-08-19,14.005000114440918,21100.0,91.62000274658203
2026-08-20,14.1899995803833,21000.0,93.77999877929688
2026-08-21,14.75,45900.0,94.38999938964844
2026-08-24,14.6899995803833,27500.0,92.16999816894531
2026-08-25,15.0649995803833,75100.0,88.58000183105469
2026-08-26,15.0600004196167,34400.0,87.83999633789062
2026-08-27,14.819999694824219,20900.0,89.69999694824219
2026-08-31,15.470000267028809,119000.0,90.48999786376953
2026-09-01,15.795000076293945,86000.0,94.6500015258789
2026-09-02,16.579999923706055,163300.0,95.62999725341797
2026-09-03,15.951000213623047,68648.0,95.58999633789062
